path,kind,bytes,sha256,dimensions,embedded_metadata,used_by_brushes,referenced_in_code,extraction_metadata_raw_names,evidence_flags,decision,licence_or_source,decided_by,decided_on,notes
assets/brushes/brushes_metadata.json,data,35323,9afbaf0843081db0d8b4040d158e507402d1c02aa540a835afb83d4ab6d88af5,,,,no,,,,,,,
assets/brushes/textures/tx-70s-fever.jpg,binary,66605,474aeb43b7ddd01b06dada6c0316a7ef51abad731abfef64eb959d9483b8e550,512x512,,proc_fever (Heat Haze),yes,Heat-Haze,listed-in-extraction-metadata|used-by-proc_-brush-id,,,,,
assets/brushes/textures/tx-acrylic-dab-2.png,binary,83885,cf4d6264618c359042141b2a9336ff8b1f7b62424211e89e745334421791e68b,512x512,,br_shoreline (Shoreline),yes,Shoreline,listed-in-extraction-metadata,,,,,
assets/brushes/textures/tx-acrylic-dab-3.jpg,binary,26730,b8447e39c2e15f5512987f177e66f4024b7b5de74a59ab83e9e6ab1aa20888f5,512x512,,proc_old_beach (Sand Drift) ; proc_metallic_beach (Metallic Sand),yes,Metallic-Sand ; Sand-Drift,listed-in-extraction-metadata|used-by-proc_-brush-id,,,,,
assets/brushes/textures/tx-acrylic-dab-4.jpg,binary,43693,3350dc49fcad1fcd72915add549c407e6bec3d7772d3dcbf88f5206eba51e8fd,512x512,,br_frond (Frond),yes,Frond,listed-in-extraction-metadata,,,,,
assets/brushes/textures/tx-acrylic-dab-5.jpg,binary,45296,5a43b8bd4b3a829669233e0620b9126086e60aa8421ff1bc814bfb759dbc4e5a,512x512,,br_cobblestone (Cobblestone) ; br_cobblestone_2 (Cobblestone) ; proc_sawtooth (Sawtooth),yes,Cobblestone ; Sawtooth,listed-in-extraction-metadata|used-by-proc_-brush-id,,,,,
assets/brushes/textures/tx-acrylic-dab-rough-2.jpg,binary,32913,f6f6989b297d3df7967f293a324840c45d091f00f245c41fe783aa4d72653e41,512x512,,br_paperbark (Paperbark),yes,Paperbark,listed-in-extraction-metadata,,,,,
assets/brushes/textures/tx-acrylic-dab-rough.jpg,binary,31119,8a9fa8e93ee828af28bf97fbaa9a58ef3b3915412c869588a152b3245b487fcd,512x512,,proc_spectra_feat (Prism) ; br_summit_grain (Summit Grain) ; proc_wedge_tail (Wing Sweep) ; proc_mountain_ash (Tall Timber),yes,Summit-Grain ; Tall-Timber ; Wing-Sweep,listed-in-extraction-metadata|used-by-proc_-brush-id,,,,,
assets/brushes/textures/tx-acrylic-dab.jpg,binary,33954,49572629475e2a1a6027e62dbbb339f0c2f8748e4f8d8aa2a56ebd6e39e76de9,512x512,,proc_evolve (Morph) ; br_chalk_line (Chalk Line) ; br_dark_timber (Dark Timber) ; br_coastal_wash (Coastal Wash) ; br_landscape_wash (Landscape Wash),yes,Chalk-Line ; Coastal-Wash ; Dark-Timber ; Landscape-Wash ; Morph,listed-in-extraction-metadata|used-by-proc_-brush-id,,,,,
assets/brushes/textures/tx-acrylic-grit.jpg,binary,66281,4b7dd89c2cec8c7264f3ad34d3086f2ec7447f990ca3ea73975a63f39c029cdb,512x512,,br_feather_ink (Feather Ink),yes,Feather-Ink,listed-in-extraction-metadata,,,,,
assets/brushes/textures/tx-acrylic-impress.png,binary,95629,841d21272634434383c28bd1ea05f3565ce44d93fc27bc4d0d58066ae54c6c1f,512x512,,proc_tamar (Estuary) ; br_fine_feather (Fine Feather),yes,Estuary ; Fine-Feather,listed-in-extraction-metadata|used-by-proc_-brush-id,,,,,
assets/brushes/textures/tx-acrylic-square.jpg,binary,24240,b7ddb1d08de89add53601bd6e9d28c4ba003f52ebd24d6e86b706d2eb999bde9,512x512,,br_ember (Ember) ; br_ember_2 (Ember) ; br_fern_texture (Fern Texture),yes,Ember ; Fern-Texture,listed-in-extraction-metadata,,,,,
assets/brushes/textures/tx-acrylic-stamp-2.jpg,binary,32074,4b6eec48fc7efab6a7f191d47d25879cbf308ba366715e115ae954a4b8c5be9c,512x512,,proc_little_pine (Pine Needle) ; br_talon_ink (Talon Ink),yes,Pine-Needle ; Talon-Ink,listed-in-extraction-metadata|used-by-proc_-brush-id,,,,,
assets/brushes/textures/tx-acrylic-stamp-3.png,binary,115488,9b97345b92fceab85b4d0ef7bbac1c575cf46ab3fa8942ce600daf11ddb5447a,512x512,,proc_gloaming (Dusk Glow),yes,Dusk-Glow,listed-in-extraction-metadata|used-by-proc_-brush-id,,,,,
assets/brushes/textures/tx-acrylic-stamp-4.png,binary,127060,5f1ca1548f137196222b10f6d69f587dee9db6f0b0baf49ebfd43ae8a1697c71,512x512,,br_vineyard_wash (Vineyard Wash) ; br_nectar_dot (Nectar Dot),yes,Nectar-Dot ; Vineyard-Wash,listed-in-extraction-metadata,,,,,
assets/brushes/textures/tx-acrylic-stamp-5.png,binary,104579,6e59f4db202e6139c12f8c357de314f36ca3ebd6908355b01d9ea419a7d2eed1,512x512,,proc_inka (Ink Drop),yes,Ink-Drop,listed-in-extraction-metadata|used-by-proc_-brush-id,,,,,
assets/brushes/textures/tx-acrylic-stamp-6.jpg,binary,36173,f9ad7eea97242acc4f0f72be4e33f6c02fd62d3cb57f8f227cf576ec2bbacbb4,512x512,,proc_oberon (Night Wash),yes,Night-Wash,listed-in-extraction-metadata|used-by-proc_-brush-id,,,,,
assets/brushes/textures/tx-acrylic-stamp.png,binary,132900,fe7d06628b5610e7c288e75a903cb17c38e803410bf6cc204a8c3ae8eb225e12,512x512,,proc_mercury (Liquid Metal) ; proc_myrtle (Leaf Grain) ; br_star_field (Star Field) ; br_rough_wash (Rough Wash),yes,Leaf-Grain ; Liquid-Metal ; Rough-Wash ; Star-Field,listed-in-extraction-metadata|used-by-proc_-brush-id,,,,,
assets/brushes/textures/tx-acrylic-undercoat.jpg,binary,76555,425002aadd92d6bde4dc4590239d7fc1577dac5fb1c674c4085c20ad45e14671,512x512,,proc_tarkine (Old Growth),yes,Old-Growth,listed-in-extraction-metadata|used-by-proc_-brush-id,,,,,
assets/brushes/textures/tx-aggate.jpg,binary,56283,a3a3e640de82fb7f45c7ac675e70510a844a0f6783f73d2956666bb598dfefd9,512x512,,proc_crystals (Crystals) ; proc_splatter (Splatter) ; proc_oriental_brush (East Asian Brush),yes,Crystals ; East-Asian-Brush ; Splatter,listed-in-extraction-metadata|used-by-proc_-brush-id,,,,,
assets/brushes/textures/tx-army.jpg,binary,23907,69feffc8d0883c9885d666fb1d07fc4b0f959c69b4f80bafcee6156e44e179e8,512x512,,proc_jagged_brush (Jagged Brush) ; proc_rad (Radiant),yes,Jagged-Brush ; Radiant,listed-in-extraction-metadata|used-by-proc_-brush-id,,,,,
assets/brushes/textures/tx-bacteria.png,binary,38036,d8a07fd6417a0a5b4bf4649d6dc25f64c8cb84f992a305c7e999316ab8612bdc,512x512,,proc_myrtle (Leaf Grain),yes,Leaf-Grain,listed-in-extraction-metadata|used-by-proc_-brush-id,,,,,
assets/brushes/textures/tx-badspray.jpg,binary,74042,94650add40d794cb8ef5f425245e21c53fedcb90ce138d98a0094003ebbc0de3,512x512,,proc_acrylic_feat (Acrylic) ; proc_acrylic (Acrylic) ; proc_buzzz (Buzz Line) ; proc_disco (Mirror Ball) ; proc_flower_power (Bloom),yes,Acrylic ; Bloom ; Buzz-Line ; Mirror-Ball,listed-in-extraction-metadata|used-by-proc_-brush-id,,,,,
assets/brushes/textures/tx-bark.jpg,binary,106278,18c62b64a57d2f6825fa9c00cccffd198f4b929978a4adc41fe2baf5cf002615,512x512,,proc_twisted_tree (Gnarled Branch) ; proc_bamboo (Bamboo),yes,Bamboo ; Gnarled-Branch,listed-in-extraction-metadata|used-by-proc_-brush-id,,,,,
assets/brushes/textures/tx-bark.png,binary,342462,7d8aa0021796a00828922546daa4cd3f64123cacd9534ac2715bdbc787770dd3,512x512,,proc_dry_brush (Dry Brush) ; proc_marble (Marble) ; br_fern_texture (Fern Texture) ; proc_flowing_hair (Flowing Hair),yes,Dry-Brush ; Fern-Texture ; Flowing-Hair ; Marble,listed-in-extraction-metadata|used-by-proc_-brush-id,,,,,
assets/brushes/textures/tx-blank.png,binary,124,695da32f539757ed88bbe9724d21ef5522658cc008ae30ad6fb9bfe7cf2b35c7,8x8,,proc_studio_pen_feat (Precision Pen) ; proc_technical_pen_feat (Technical Pen) ; proc_syrup_feat (Thick Ink) ; br_ink_nib (Ink Nib) ; proc_syrup (Thick Ink) ; proc_fine_tip (Fine Tip) ; proc_technical_pen (Technical Pen) ; proc_gel_pen (Gel Pen) ; proc_ink_bleed (Ink Bleed) ; proc_studio_pen (Precision Pen) ; proc_round_brush (Round Brush) ; proc_flat_brush (Flat Brush) ; proc_odeon (Stage Glow) ; proc_monoline (Monoline) ; proc_brush_pen (Brush Pen) ; proc_soft_brush (Soft Brush) ; proc_medium_brush (Medium Brush) ; proc_medium_hard_brush (Medium Hard Brush) ; proc_hard_brush (Hard Brush) ; proc_soft_blend (Soft Blend) ; proc_medium_blend (Medium Blend) ; proc_medium_hard_blend (Medium Hard Blend) ; proc_hard_blend (Hard Blend) ; proc_soft_airbrush (Soft Airbrush) ; proc_medium_airbrush (Medium Airbrush) ; proc_medium_hard_airbrush (Medium Hard Airbrush) ; proc_hard_airbrush (Hard Airbrush) ; proc_waveform (Waveform) ; br_tri_grid (Tri Grid) ; proc_opticon (Optic Flare) ; br_needle_dot (Needle Dot) ; proc_polygons (Polygons) ; proc_smoke (Smoke) ; proc_flames (Flames) ; proc_hard_rain (Hard Rain) ; proc_flicks (Flicks) ; proc_burst (Burst) ; proc_drip (Drip) ; br_soft_wash (Soft Wash) ; br_wattle_dot (Wattle Dot) ; proc_sawtooth (Sawtooth) ; proc_stubble (Stubble) ; proc_short_hair (Short Hair) ; proc_flare (Flare) ; proc_lightbrush (Lightbrush) ; proc_bokeh_lights (Bokeh Lights) ; proc_glimmer (Shimmer) ; proc_rainforest (Canopy) ; proc_wash (Wash),yes,Bokeh-Lights ; Brush-Pen ; Burst ; Canopy ; Drip ; Fine-Tip ; Flames ; Flare ; Flat-Brush ; Flicks ; Gel-Pen ; Hard-Airbrush ; Hard-Blend ; Hard-Brush ; Hard-Rain ; Ink-Bleed ; Ink-Nib ; Lightbrush ; Medium-Airbrush ; Medium-Blend ; Medium-Brush ; Medium-Hard-Airbrush ; Medium-Hard-Blend ; Medium-Hard-Brush ; Monoline ; Needle-Dot ; Optic-Flare ; Polygons ; Precision-Pen ; Round-Brush ; Sawtooth ; Shimmer ; Short-Hair ; Smoke ; Soft-Airbrush ; Soft-Blend ; Soft-Brush ; Soft-Wash ; Stage-Glow ; Stubble ; Technical-Pen ; Thick-Ink ; Tri-Grid ; Wash ; Wattle-Dot ; Waveform,listed-in-extraction-metadata|used-by-proc_-brush-id,,,,,
assets/brushes/textures/tx-blinds-glow.jpg,binary,17638,fe03b01caa95b4eb2cb2f9f6fba5179ffe5b8b34311b697e8d53cb06d39f0a03,512x512,,proc_pulse (Pulse),yes,Pulse,listed-in-extraction-metadata|used-by-proc_-brush-id,,,,,
assets/brushes/textures/tx-blotch-1.jpg,binary,43466,5e6ee2e2fe74614721d87dfb85568d5b91dadebd26bf05a8ff6b9b2e0b11b6d8,512x512,,proc_reed (Reed),yes,Reed,listed-in-extraction-metadata|used-by-proc_-brush-id,,,,,
assets/brushes/textures/tx-blotch-2.jpg,binary,23100,534bc12937e11da390f8709ec9951f2efd6af8f02ac77190475cdb8bfc56a9f3,512x512,,proc_wet_sponge (Wet Sponge),yes,Wet-Sponge,listed-in-extraction-metadata|used-by-proc_-brush-id,,,,,
assets/brushes/textures/tx-blotch.jpg,binary,24878,65e56bc28df2dbc8b59fe6a2b02bb15c636aef883278d6e3435b9cb3ebe35a27,512x512,,proc_dry_ink_feat (Dry Ink) ; proc_soft_pastel (Soft Pastel) ; proc_dry_ink (Dry Ink),yes,Dry-Ink ; Soft-Pastel,listed-in-extraction-metadata|used-by-proc_-brush-id,,,,,
assets/brushes/textures/tx-bokeh.png,binary,78612,73fc28412c0d80feade5da8e44abcdc16f7c58a175dfea1752207be69d5ede84,512x512,,proc_bokeh_lights (Bokeh Lights),yes,Bokeh-Lights,listed-in-extraction-metadata|used-by-proc_-brush-id,,,,,
assets/brushes/textures/tx-brick.jpg,binary,84527,9250ab23c1a8f497bdbbd4688b1fe4c1e7022fa92ff2f60cb8dd339aca395870,512x512,,proc_stucco (Stucco) ; proc_damp_brush (Damp Brush),yes,Damp-Brush ; Stucco,listed-in-extraction-metadata|used-by-proc_-brush-id,,,,,
assets/brushes/textures/tx-brick.png,binary,102900,86c34b72b8e77ee4a6a3967b53a06d34648c50b24aa1af2af362e11966402f0b,512x512,,proc_6b_pencil_feat (6B Pencil) ; proc_6b_pencil (6B Pencil) ; proc_flat_brush (Flat Brush) ; br_roller_ink (Roller Ink),yes,6B-Pencil ; Flat-Brush ; Roller-Ink,listed-in-extraction-metadata|used-by-proc_-brush-id,,,,,
assets/brushes/textures/tx-brush-glow.jpg,binary,9251,88945d27b76d32252a06d931319d18a3d32acbc4cb558c9456f7fcb0cd2c2557,512x512,,proc_lightbrush (Lightbrush),yes,Lightbrush,listed-in-extraction-metadata|used-by-proc_-brush-id,,,,,
assets/brushes/textures/tx-burst.jpg,binary,59363,5f4143d2dbfcfbe25f2c297dbf7aab7aaf9122f939b1fad759beead781b2bf38,512x512,,proc_fine_nozzle (Fine Nozzle) ; proc_burst (Burst),yes,Burst ; Fine-Nozzle,listed-in-extraction-metadata|used-by-proc_-brush-id,,,,,
assets/brushes/textures/tx-cage.jpg,binary,52922,c7eadd90cc2c74e55fbc4204bf4bcbab43a03373b8a831b4fc29b75fdee63678,512x512,,proc_caged (Cage Grid),yes,Cage-Grid,listed-in-extraction-metadata|used-by-proc_-brush-id,,,,,
assets/brushes/textures/tx-canvas-1.jpg,binary,53482,ba14ece2027dec4e69989d97c254db410e9cebe3ca0435b1b691e40019008d6e,512x512,,proc_hemp (Hemp),yes,Hemp,listed-in-extraction-metadata|used-by-proc_-brush-id,,,,,
assets/brushes/textures/tx-canvas.jpg,binary,96926,3dbe2b1af7068025ee276c284b1f24dd33f5ca80e31c1eaeaa14939826f703e4,512x512,,proc_turpentine (Turpentine),yes,Turpentine,listed-in-extraction-metadata|used-by-proc_-brush-id,,,,,
assets/brushes/textures/tx-cardboard.jpg,binary,62280,ab2452ffd6bd0b88c693a6ffc32c72d8b7db82f369a5707f2cfdf0dbec2608ba,512x512,,proc_watercolor (Watercolor),yes,Watercolor,listed-in-extraction-metadata|used-by-proc_-brush-id,,,,,
assets/brushes/textures/tx-chalk-stick.png,binary,322388,62a258ff8a969b4375134a89d44a1417ffc6b4c3d5933f70b8953e2757e950d1,512x512,,br_chalk_stick (Chalk Stick) ; proc_sable (Sable) ; br_chalk_stick_2 (Chalk Stick),yes,Chalk-Stick ; Sable,listed-in-extraction-metadata|used-by-proc_-brush-id,,,,,
assets/brushes/textures/tx-charcoal-6b.jpg,binary,80169,559ff70eb67739e3ee68665e5f0d871aac52b3c0c5abdcd325ea908b10458b2a,512x512,,proc_chalk (Chalk) ; proc_6b_compressed (6B Compressed),yes,6B-Compressed ; Chalk,listed-in-extraction-metadata|used-by-proc_-brush-id,,,,,
assets/brushes/textures/tx-charcoal-block.jpg,binary,45340,b997450ef8d3103b10a1a00e14fb03fd5b199839944f80663c3a2e48a8249ae8,512x512,,artify_night_charcoal (فحم ليلي) ; proc_charcoal_block_feat (Charcoal Block) ; proc_old_brush (Old Brush) ; proc_dry_brush (Dry Brush) ; proc_charcoal_block (Charcoal Block),yes,Charcoal-Block ; Dry-Brush ; Old-Brush,listed-in-extraction-metadata|used-by-proc_-brush-id,,,,,
assets/brushes/textures/tx-charcoal-burnt.jpg,binary,108858,7da573037ceb221e27e081559b4825ccc3a3a9cccb0582087da093629ea816ec,512x512,,proc_wet_acrylic (Wet Acrylic) ; proc_burnt_tree (Charred Branch) ; proc_reed (Reed),yes,Charred-Branch ; Reed ; Wet-Acrylic,listed-in-extraction-metadata|used-by-proc_-brush-id,,,,,
assets/brushes/textures/tx-charcoal-corse.jpg,binary,80626,e0c12f48a1bc24b21a907b74aa6872a9598d8afdfc4234adb77676511c3a3371,512x512,,proc_6b_pencil_feat (6B Pencil) ; proc_6b_pencil (6B Pencil) ; proc_4b_compressed (4B Compressed),yes,4B-Compressed ; 6B-Pencil,listed-in-extraction-metadata|used-by-proc_-brush-id,,,,,
assets/brushes/textures/tx-charcoal-macro.jpg,binary,60196,fe6afd8b63776381f42ad5f7cf834a7767bac63f092d9ce5b2ae6003e0f5ac07,512x512,,proc_vine_charcoal_feat (Vine Charcoal) ; proc_4b_compressed (4B Compressed) ; proc_vine_charcoal (Vine Charcoal),yes,4B-Compressed ; Vine-Charcoal,listed-in-extraction-metadata|used-by-proc_-brush-id,,,,,
assets/brushes/textures/tx-charcoal-rough.jpg,binary,114648,f56642af3811f4cee6acceccf6861a78f523ef5c8d60d07fb5d4759f91f1c102,512x512,,artify_night_charcoal (فحم ليلي) ; proc_charcoal_block_feat (Charcoal Block) ; proc_water_pen (Water Pen) ; proc_charcoal_block (Charcoal Block),yes,Charcoal-Block ; Water-Pen,listed-in-extraction-metadata|used-by-proc_-brush-id,,,,,
assets/brushes/textures/tx-charcoal-shards.jpg,binary,46266,f912d9cd7d3032275d6b86f8f1c0349a3953986ece58743e5aa61417519571b8,512x512,,proc_burnt_tree (Charred Branch),yes,Charred-Branch,listed-in-extraction-metadata|used-by-proc_-brush-id,,,,,
assets/brushes/textures/tx-charcoal-soft.jpg,binary,60850,501890666515641bba818f6c9c314f9721e1af2b3fde2d6cb48d690ed5f113ab,512x512,,proc_2b_compressed (2B Compressed) ; proc_6b_compressed (6B Compressed),yes,2B-Compressed ; 6B-Compressed,listed-in-extraction-metadata|used-by-proc_-brush-id,,,,,
assets/brushes/textures/tx-charcoal-vine.jpg,binary,55141,cb4f8acb05f9df7ed2c8e6d7b1207755d669d15fab74e3793b82e8be35ed3a1d,512x512,,proc_vine_charcoal_feat (Vine Charcoal) ; proc_2b_compressed (2B Compressed) ; proc_vine_charcoal (Vine Charcoal),yes,2B-Compressed ; Vine-Charcoal,listed-in-extraction-metadata|used-by-proc_-brush-id,,,,,
assets/brushes/textures/tx-charcoal-whisp.jpg,binary,48841,d97702c060dad9b0cb257821cb12d17051cf95eb3177871b283543b5bad78a9b,512x512,,proc_carbon_stick (Carbon Stick) ; proc_tawny (Amber Grain),yes,Amber-Grain ; Carbon-Stick,listed-in-extraction-metadata|used-by-proc_-brush-id,,,,,
assets/brushes/textures/tx-cicero-tree.jpg,binary,94473,9fe7cae3c40f276b9968f18075d86dc581d7ac0e4d23a9055a08c4fe47da97e2,512x512,,proc_mountain_ash (Tall Timber),yes,Tall-Timber,listed-in-extraction-metadata|used-by-proc_-brush-id,,,,,
assets/brushes/textures/tx-clay.jpg,binary,88320,719bae78708b25b80ce596dff027b268a9b812ba2ae4bfa25bc00bef2d82de98,512x512,,proc_wasteland (Barren) ; proc_snow_gum (Pale Bark),yes,Barren ; Pale-Bark,listed-in-extraction-metadata|used-by-proc_-brush-id,,,,,
assets/brushes/textures/tx-cliff-face.jpg,binary,82618,05b83366fb0e373344d6faea2aea3ed425af5e77eea5a96b4346704ab8adbf78,512x512,,proc_spires (Ridge Line),yes,Ridge-Line,listed-in-extraction-metadata|used-by-proc_-brush-id,,,,,
assets/brushes/textures/tx-cloud-shape.jpg,binary,12209,ceb4340de578017f64e8dea646e9f14a6d7bf75c1d816065a99697acddb26907,512x512,,proc_clouds_feat (Clouds) ; proc_clouds (Clouds),yes,Clouds,listed-in-extraction-metadata|used-by-proc_-brush-id,,,,,
assets/brushes/textures/tx-clouds-2.png,binary,282304,1d4c770b6499bb0a58dafb35f4fee5207d56b7334f814922071f01ed228aa656,512x512,,proc_wet_sponge (Wet Sponge),yes,Wet-Sponge,listed-in-extraction-metadata|used-by-proc_-brush-id,,,,,
assets/brushes/textures/tx-clouds.jpg,binary,12335,e1224c0f52686b6b3593c209215bacc0775e3eb6dd315db6f3dbcb459fa34b9b,512x512,,proc_clouds_feat (Clouds) ; proc_script (Script) ; proc_clouds (Clouds) ; proc_ultrafine_nozzle (Ultrafine Nozzle) ; proc_fine_nozzle (Fine Nozzle) ; proc_medium_nozzle (Medium Nozzle) ; proc_fat_nozzle (Fat Nozzle) ; proc_lightpen (Lightpen) ; proc_nebula (Star Cloud),yes,Clouds ; Fat-Nozzle ; Fine-Nozzle ; Lightpen ; Medium-Nozzle ; Script ; Star-Cloud ; Ultrafine-Nozzle,listed-in-extraction-metadata|used-by-proc_-brush-id,,,,,
assets/brushes/textures/tx-concreate.jpg,binary,85398,812b421f9c9e296afcafcf1f150635afce620b544fcbba3bfd856397d7971bf6,512x512,,proc_concrete_block (Concrete Block),yes,Concrete-Block,listed-in-extraction-metadata|used-by-proc_-brush-id,,,,,
assets/brushes/textures/tx-corrugated.jpg,binary,48436,0041673423bf94e6ff20c8d8f1cc55997055072c301fff353e12ad013f1e5247,512x512,,proc_corrugated_iron (Corrugated Iron),yes,Corrugated-Iron,listed-in-extraction-metadata|used-by-proc_-brush-id,,,,,
assets/brushes/textures/tx-cotton-paper.jpg,binary,79401,56d9097e429312482cd91cbd3e251229d46f439dc6550c818c9b7782ee4d1ae1,512x512,,artify_mist_wash (غيمة مائية) ; khat_naskh (خط النسخ القرآني) ; khat_naskh_azimuth (خط النسخ ( اتجاه القلم )) ; proc_gloaming (Dusk Glow),yes,Dusk-Glow,listed-in-extraction-metadata|used-by-proc_-brush-id,,,,,
assets/brushes/textures/tx-crackle.png,binary,312427,a429c1c8d0787e6afe16e70fe72423ad5ea3c54b6a8b3c5978d836489e93c02f,512x512,,proc_tawny (Amber Grain),yes,Amber-Grain,listed-in-extraction-metadata|used-by-proc_-brush-id,,,,,
assets/brushes/textures/tx-crayon.jpg,binary,58533,ab164e094aa4bea54de2c06541429f6d98f80713bbadd8dec547dc9bfd194b05,512x512,,proc_artist_crayon (Artist Crayon),yes,Artist-Crayon,listed-in-extraction-metadata|used-by-proc_-brush-id,,,,,
assets/brushes/textures/tx-crunchy-paper.jpg,binary,77922,a85133ce03b8f1626d75af59bd3c16e23c29bde346581d54f989f86c49594084,512x512,,br_fine_feather (Fine Feather),yes,Fine-Feather,listed-in-extraction-metadata,,,,,
assets/brushes/textures/tx-crusty.jpg,binary,24427,18baeab7681521578c00c9a5caec4ea84a34efc5f07a650b391e0f95cf7516bb,512x512,,proc_cotton (Cotton),yes,Cotton,listed-in-extraction-metadata|used-by-proc_-brush-id,,,,,
assets/brushes/textures/tx-crystal-shape.jpg,binary,25690,78bf0b3deccf4ba52236650584684babdcdfe8aec1998b521e32254c46a92cfb,512x512,,proc_crystals (Crystals),yes,Crystals,listed-in-extraction-metadata|used-by-proc_-brush-id,,,,,
assets/brushes/textures/tx-cube.jpg,binary,14109,f35aeff22a9f57e561cea0f1b9f8db4becfe13c60a8efe65fa7236914dfc42dc,512x512,,proc_polygons (Polygons),yes,Polygons,listed-in-extraction-metadata|used-by-proc_-brush-id,,,,,
assets/brushes/textures/tx-cubes.png,binary,15238,69a9e7ceef32492c01169ce547dceab69696e6777940381526c2328c3496d1b3,512x512,,proc_cubes (Cubes),yes,Cubes,listed-in-extraction-metadata|used-by-proc_-brush-id,,,,,
assets/brushes/textures/tx-diagonal.png,binary,18421,a011d15a6d8aba53291809925b5ae6f15c560856646e6eb56ccc0e9584060886,512x512,,proc_diagonal (Diagonal),yes,Diagonal,listed-in-extraction-metadata|used-by-proc_-brush-id,,,,,
assets/brushes/textures/tx-directional-rain.jpg,binary,26443,a1be8af306b10c6c3ff27aa4ecfeb6c899331ae2dd68e94ca1db98f2eeebb829,512x512,,proc_hard_rain (Hard Rain),yes,Hard-Rain,listed-in-extraction-metadata|used-by-proc_-brush-id,,,,,
assets/brushes/textures/tx-dirty-paper.jpg,binary,70355,3e7b7650d7d1e55326d34463d336c377eacfb440b1f772d3f036129bfaae2eb9,512x512,,artify_manuscript_ink (حبر المخطوط) ; proc_artify_pencil (Artify Pencil) ; proc_shale_brush (Shale Brush),yes,Artify-Pencil ; Shale-Brush,listed-in-extraction-metadata|used-by-proc_-brush-id,,,,,
assets/brushes/textures/tx-disco-ball.png,binary,29818,fcf7bae5386c5896e7ea704ceec838f380452eba751c65108403ed664e5afe7a,512x512,,proc_disco (Mirror Ball),yes,Mirror-Ball,listed-in-extraction-metadata|used-by-proc_-brush-id,,,,,
assets/brushes/textures/tx-distressed-canvas-2.jpg,binary,109965,b54fa9cee0a1862f1706a452f8171cacab87556b6c8649e2f94acaa798c76bdc,512x512,,br_bark_grain (Bark Grain),yes,Bark-Grain,listed-in-extraction-metadata,,,,,
assets/brushes/textures/tx-distressed-canvas.jpg,binary,88490,9c1036ff685e7b55954bbd44cbce21eddca8e6b670affffa09a318e47c5bd855,512x512,,br_shoreline (Shoreline),yes,Shoreline,listed-in-extraction-metadata,,,,,
assets/brushes/textures/tx-distressed-stamp.jpg,binary,20476,8edcbadfb36ef60b561d7d702f9437eeb0156d22f2949c60a74fb5cdd868d120,512x512,,proc_peppermint (Mint Leaf) ; br_river_wash (River Wash),yes,Mint-Leaf ; River-Wash,listed-in-extraction-metadata|used-by-proc_-brush-id,,,,,
assets/brushes/textures/tx-dof-dots-light.png,binary,116427,55545404c8b9c8e71531db78281bcc46d1beed7644a0d4a86e2ea2408d000435,498x512,,proc_rosette (Rosette),yes,Rosette,listed-in-extraction-metadata|used-by-proc_-brush-id,,,,,
assets/brushes/textures/tx-dof-dots.jpg,binary,43553,0db3a9a62816211cd38672596c313567b92edb697a3b20476e84ae8bffbc1b96,512x512,,br_rough_wash (Rough Wash),yes,Rough-Wash,listed-in-extraction-metadata,,,,,
assets/brushes/textures/tx-drip-2.jpg,binary,9684,441a0ddd6ea45994f816751b7d4f6305ccc14fd6c251b862f03225fdb3c1a689,512x512,,proc_water_drip (Water Drip),yes,Water-Drip,listed-in-extraction-metadata|used-by-proc_-brush-id,,,,,
assets/brushes/textures/tx-drip.jpg,binary,24709,a1c95a2304ee97acb2d093cfa01ee75bc409b57a0faeaa7cfea3c94f46df1f14,512x512,,proc_drip (Drip),yes,Drip,listed-in-extraction-metadata|used-by-proc_-brush-id,,,,,
assets/brushes/textures/tx-earth-grain.png,binary,143622,9114a4b1e62c8e7312bffa6c8e46135c49e8732bbe0418e01a757a5fa1e7231b,512x512,,proc_sandstone (Sandstone),yes,Sandstone,listed-in-extraction-metadata|used-by-proc_-brush-id,,,,,
assets/brushes/textures/tx-earth-shape.png,binary,14940,cb7c3d73862d89b6efbb0bff0f3a28c11929a5c353deeb23175d08911591e67d,512x512,,proc_sandstone (Sandstone),yes,Sandstone,listed-in-extraction-metadata|used-by-proc_-brush-id,,,,,
assets/brushes/textures/tx-european-paper.jpg,binary,77908,a1c415ac0e828a361ca61b527a9bd4baeeb30a78fa4c1a96b57f253d977d399c,512x512,,khat_thuluth (خط الثلث الجلي) ; khat_thuluth_azimuth (خط الثلث ( اتجاه القلم )) ; br_river_wash (River Wash),yes,River-Wash,listed-in-extraction-metadata,,,,,
assets/brushes/textures/tx-fat.jpg,binary,56836,135d74a763682b607a5876fc09f93fc863e6779ab846cf124cb5f328ba1a16a8,512x512,,proc_fat_nozzle (Fat Nozzle),yes,Fat-Nozzle,listed-in-extraction-metadata|used-by-proc_-brush-id,,,,,
assets/brushes/textures/tx-fine-hair.jpg,binary,10251,f9088c7d0c3405bf004203f07585d35e79e0c9de2459c997364012f4b6bd5d59,512x512,,proc_fine_hair (Fine Hair),yes,Fine-Hair,listed-in-extraction-metadata|used-by-proc_-brush-id,,,,,
assets/brushes/textures/tx-fine-spray.jpg,binary,59210,0c0511500b384dbb51f76c8fb1ce6abc2ca1a0ebc890bc3b05a12fee86667556,512x512,,artify_orbit_spray (رذاذ مداري) ; proc_medium_nozzle (Medium Nozzle),yes,Medium-Nozzle,listed-in-extraction-metadata|used-by-proc_-brush-id,,,,,
assets/brushes/textures/tx-fine-thread.jpg,binary,52900,f80082dc93ccc5aff1f98046b2033e5a51d620ab60b4510e34f75ff1390dffa2,512x512,,proc_oberon (Night Wash),yes,Night-Wash,listed-in-extraction-metadata|used-by-proc_-brush-id,,,,,
assets/brushes/textures/tx-flakes.png,binary,42906,9e3add904f8bda2b4562b9c4e8b414ffdea7bf5a097735c0221d8e09553d0789,512x512,,proc_driven_snow (Snow Drift),yes,Snow-Drift,listed-in-extraction-metadata|used-by-proc_-brush-id,,,,,
assets/brushes/textures/tx-flare.jpg,binary,7188,b2df02576e74768f9a61e83d678f5e2b1f9c4f83fe74ddeb1145f6256f2d3bf5,512x512,,proc_flare (Flare),yes,Flare,listed-in-extraction-metadata|used-by-proc_-brush-id,,,,,
assets/brushes/textures/tx-flat-brush.jpg,binary,46811,7d11291a97c520a2a7d6236019903bc7afb136db5e1b5a7a109b058249f11f2f,512x512,,proc_jagged_brush (Jagged Brush) ; proc_turpentine (Turpentine),yes,Jagged-Brush ; Turpentine,listed-in-extraction-metadata|used-by-proc_-brush-id,,,,,
assets/brushes/textures/tx-flat-brush2.jpg,binary,60428,22f1b6b528454a5f655bf58faa19653d10ecd2a6ac7db5f89d1a28be3976ab03,512x512,,proc_grunge (Grunge),yes,Grunge,listed-in-extraction-metadata|used-by-proc_-brush-id,,,,,
assets/brushes/textures/tx-flicks.jpg,binary,13383,ba1a4b76345d424b2c679e1e28f347cd88ea2511f1e7cea9fd046f4cf44b78fd,512x512,,proc_flicks (Flicks),yes,Flicks,listed-in-extraction-metadata|used-by-proc_-brush-id,,,,,
assets/brushes/textures/tx-floral.png,binary,52569,3db349502d44d7ce5391a1dd5c76163fd768b9604205128f9fe0af4690be1876,512x512,,proc_victorian (Ornate),yes,Ornate,listed-in-extraction-metadata|used-by-proc_-brush-id,,,,,
assets/brushes/textures/tx-flower.jpg,binary,17935,1571f6522dc1cc312e4c0d4c921a803a070470d992340e749e89a1c7051d1ae6,512x512,,proc_flower_power (Bloom),yes,Bloom,listed-in-extraction-metadata|used-by-proc_-brush-id,,,,,
assets/brushes/textures/tx-flowing.jpg,binary,12353,390c8c03340cae57d2495ec37819bfa3b761875dcdc4bd4f1dd8acd33c297d85,512x512,,proc_flowing_hair (Flowing Hair),yes,Flowing-Hair,listed-in-extraction-metadata|used-by-proc_-brush-id,,,,,
assets/brushes/textures/tx-garden-bush.jpg,binary,28405,4cf42ee471031ffbeaa7b032443b111264f9e6a3503181c7ccff97972173abae,512x512,,proc_rainforest (Canopy),yes,Canopy,listed-in-extraction-metadata|used-by-proc_-brush-id,,,,,
assets/brushes/textures/tx-garden-grass.png,binary,101874,d1c305d262ee2ad22f11813fb71c7c12877c31f17df0107d8cb4c1bfe72a02e3,512x512,,proc_swordgrass (Blade Grass),yes,Blade-Grass,listed-in-extraction-metadata|used-by-proc_-brush-id,,,,,
assets/brushes/textures/tx-garden-gum.png,binary,54340,2ea722d8b36ad30d4143ebf1653d3923b826dce7e0959ba7b107f805f9105e8d,512x512,,proc_paper_daisy (Petal Dot),yes,Petal-Dot,listed-in-extraction-metadata|used-by-proc_-brush-id,,,,,
assets/brushes/textures/tx-garden-leaf.png,binary,34044,64a3d450ddb9436afbbaa66cc0d67ea87b49bc9b11f00588b7e915669ef134b2,512x512,,proc_snow_gum (Pale Bark),yes,Pale-Bark,listed-in-extraction-metadata|used-by-proc_-brush-id,,,,,
assets/brushes/textures/tx-garden-rocks.jpg,binary,43676,a4e0339dabe7b7ef48a248ebb43004514325a6b5a3dfa5bce7c0703993a01499,512x512,,proc_spires (Ridge Line),yes,Ridge-Line,listed-in-extraction-metadata|used-by-proc_-brush-id,,,,,
assets/brushes/textures/tx-glitch-2.jpg,binary,23253,702e23dad60e13ebe33272bb9da9a7155486b0485ee8a1440de5ac0ec9ae458c,417x452,,proc_wedge_tail (Wing Sweep),yes,Wing-Sweep,listed-in-extraction-metadata|used-by-proc_-brush-id,,,,,
assets/brushes/textures/tx-gloop.jpg,binary,11017,f43f197a9d39b0fc715b5578f59df1c0033d63879121dfffdb077270ae282412,512x512,,proc_groovy (Retro Wave),yes,Retro-Wave,listed-in-extraction-metadata|used-by-proc_-brush-id,,,,,
assets/brushes/textures/tx-gouache-drop-2.jpg,binary,22482,20a0fd8ee41b70997906fec2e29f9d6559de42d0f709118049b000880fc9b17f,512x512,,br_still_water (Still Water),yes,Still-Water,listed-in-extraction-metadata,,,,,
assets/brushes/textures/tx-gouache-drop.jpg,binary,27038,3b91ab55f9386c7d0a28fcc3e52d5435ce0d46802b1720f3c933b71b10a43a61,512x512,,proc_tessellated (Tessellated) ; proc_tarkine (Old Growth) ; br_feather_ink (Feather Ink),yes,Feather-Ink ; Old-Growth ; Tessellated,listed-in-extraction-metadata|used-by-proc_-brush-id,,,,,
assets/brushes/textures/tx-gouache-splash.jpg,binary,21225,9e51d44ae087810b43b604dad3edde9da9616541db71c20493d04f1d401cb12d,512x512,,br_granite_wash (Granite Wash),yes,Granite-Wash,listed-in-extraction-metadata,,,,,
assets/brushes/textures/tx-gouache-streak.jpg,binary,29527,4639cae437c9b3c5451f5f43bfc8c0bc65b44fce63181dc25dc56f6ef46e1cf2,512x512,,br_rect_grid (Rect Grid),yes,Rect-Grid,listed-in-extraction-metadata,,,,,
assets/brushes/textures/tx-gouache-wash-2.jpg,binary,31900,156cd11c52cf173c2f9c101aa89a45c32eaf0e67c83803db0356036edc30b491,512x512,,br_spotted_grain (Spotted Grain),yes,Spotted-Grain,listed-in-extraction-metadata,,,,,
assets/brushes/textures/tx-gouache-wash.jpg,binary,37751,c0a968cafb3ef2178d553e52868df34a323aed70db3b1521327454a8ec7e0b3d,512x512,,proc_gouache_feat (Gouache) ; proc_mercury (Liquid Metal) ; proc_inka (Ink Drop) ; proc_spectra (Prism) ; br_cascade (Cascade) ; proc_paper_daisy (Petal Dot) ; br_metallic_cascade (Metallic Cascade),yes,Cascade ; Ink-Drop ; Liquid-Metal ; Metallic-Cascade ; Petal-Dot ; Prism,listed-in-extraction-metadata|used-by-proc_-brush-id,,,,,
assets/brushes/textures/tx-grain.png,binary,359949,f478a86914de697b0ea20041ff6e22bfc0b56ef8ea1d4b888a0601a38af34095,512x512,,proc_gouache (Gouache),yes,Gouache,listed-in-extraction-metadata|used-by-proc_-brush-id,,,,,
assets/brushes/textures/tx-graphite.jpg,binary,60211,bfb0fae4c6f28ca8425900c3a84f914fe8907587bd57efd541fd4ed0611e2bdb,512x512,,proc_carbon_stick (Carbon Stick),yes,Carbon-Stick,listed-in-extraction-metadata|used-by-proc_-brush-id,,,,,
assets/brushes/textures/tx-grid.png,binary,10303,799a582b5ea8d7676591c472e6d47bf56f191385c86540de0c5cc97e32620f44,512x512,,proc_grid (Grid),yes,Grid,listed-in-extraction-metadata|used-by-proc_-brush-id,,,,,
assets/brushes/textures/tx-grunge.jpg,binary,93993,7a238f08dbf4f87f206bac5b504951044249d6354e01c476d1025a1684d95722,512x512,,br_roller_ink (Roller Ink) ; proc_fresco (Fresco) ; proc_grunge (Grunge),yes,Fresco ; Grunge ; Roller-Ink,listed-in-extraction-metadata|used-by-proc_-brush-id,,,,,
assets/brushes/textures/tx-haggard-oval.png,binary,74463,8e67f81a3da6b0d214198b644c61cbba5119e1436d5d2e9c534efe9e632abd07,512x512,,br_leather_grain (Leather Grain),yes,Leather-Grain,listed-in-extraction-metadata,,,,,
assets/brushes/textures/tx-hard-ink.png,binary,86033,8d23a615eedabb27292f464a647a5d9d575fc93c9e0c400f65f6cba550055b2f,512x512,,artify_pulse_ink (نبض الحبر) ; artify_manuscript_ink (حبر المخطوط) ; proc_old_brush (Old Brush),yes,Old-Brush,listed-in-extraction-metadata|used-by-proc_-brush-id,,,,,
assets/brushes/textures/tx-hard.png,binary,12038,0714050b2e7cc7304e5baec92a35b545906bb84a2dddb780481f390d534892fc,512x512,,proc_round_brush (Round Brush) ; proc_monoline (Monoline) ; proc_hard_brush (Hard Brush) ; proc_hard_blend (Hard Blend) ; proc_hard_airbrush (Hard Airbrush) ; proc_decimals (Dot Matrix),yes,Dot-Matrix ; Hard-Airbrush ; Hard-Blend ; Hard-Brush ; Monoline ; Round-Brush,listed-in-extraction-metadata|used-by-proc_-brush-id,,,,,
assets/brushes/textures/tx-hessian.png,binary,54807,9c4d3a01ebb0b8bfaf082d780c7c2924ebda7a421f7f8eec5128be13750a9632,512x512,,proc_hessian (Hessian),yes,Hessian,listed-in-extraction-metadata|used-by-proc_-brush-id,,,,,
assets/brushes/textures/tx-hex.png,binary,25751,a6279c70cde8c63d4467721d2619a65a4eeb1583d457ffd1dddfd7a99a738c6f,512x512,,br_hex_grid (Hex Grid),yes,Hex-Grid,listed-in-extraction-metadata,,,,,
assets/brushes/textures/tx-hexagon.png,binary,12195,540099e8d86aad98afaca5837df0a38c89d81165a4d1dea8803ebec74c264b8a,512x512,,proc_cubes (Cubes) ; br_hex_grid (Hex Grid),yes,Cubes ; Hex-Grid,listed-in-extraction-metadata|used-by-proc_-brush-id,,,,,
assets/brushes/textures/tx-infrared-oil.jpg,binary,27042,1bb9487a6e068183cfdcfee02b116da5f770e324f040a4ed053be494e21b4b9b,512x512,,proc_spectra (Prism),yes,Prism,listed-in-extraction-metadata|used-by-proc_-brush-id,,,,,
assets/brushes/textures/tx-ink-dry.png,binary,215478,fa0c7ded7e1e97846741064a2eff52c4979e682c901fa5d05335b5ae5d4988eb,512x512,,br_deep_ink (Deep Ink) ; br_deep_ink_2 (Deep Ink),yes,Deep-Ink,listed-in-extraction-metadata,,,,,
assets/brushes/textures/tx-ink-mess.jpg,binary,54297,9047a1332c5b0fa777e753223bfdfa845715fa181fdb9443b549bf836ff07984,512x512,,proc_water_pen (Water Pen),yes,Water-Pen,listed-in-extraction-metadata|used-by-proc_-brush-id,,,,,
assets/brushes/textures/tx-ink-sponge.png,binary,211815,8ff83192a75e7a7d8a63440ac338ed3994d9d2ac8be1350a8af7d3a015395d74,512x512,,proc_technical_pencil (Technical Pencil) ; proc_oil_paint (Oil Paint) ; proc_damp_brush (Damp Brush),yes,Damp-Brush ; Oil-Paint ; Technical-Pencil,listed-in-extraction-metadata|used-by-proc_-brush-id,,,,,
assets/brushes/textures/tx-ink.jpg,binary,42782,c8f57805bcbae8f63170bd942c69a8f99dd3f902509e86f115606fde5cb81540,512x512,,proc_artify_pencil (Artify Pencil) ; proc_marker (Marker) ; proc_oriental_brush (East Asian Brush),yes,Artify-Pencil ; East-Asian-Brush ; Marker,listed-in-extraction-metadata|used-by-proc_-brush-id,,,,,
assets/brushes/textures/tx-ink2.jpg,binary,40330,23101bad6b8c48f185190702e0c1d57fa327e939601c531131c8a8922b2261c4,512x512,,proc_ink_bleed (Ink Bleed) ; proc_watercolor (Watercolor) ; proc_fine_hair (Fine Hair),yes,Fine-Hair ; Ink-Bleed ; Watercolor,listed-in-extraction-metadata|used-by-proc_-brush-id,,,,,
assets/brushes/textures/tx-intense-water.jpg,binary,33478,e76cc3686a0ebdc0822eeb2125338ec29883a5fa5bb172c273a08f2ed08e9bcb,512x512,,proc_blotchy (Blotchy),yes,Blotchy,listed-in-extraction-metadata|used-by-proc_-brush-id,,,,,
assets/brushes/textures/tx-kingston-beach-2.jpg,binary,59710,f108d507e55c6a74d02ac154bfed4680e5946bb1e0c70bc71a71556728cc98bf,512x512,,proc_storm_bay (Storm Wash),yes,Storm-Wash,listed-in-extraction-metadata|used-by-proc_-brush-id,,,,,
assets/brushes/textures/tx-kingston-beach.jpg,binary,58389,2c56fdc117a20150646767d69b2331a7b81213ebbc3bd905a927e9357b8e738e,512x512,,br_still_water (Still Water),yes,Still-Water,listed-in-extraction-metadata,,,,,
assets/brushes/textures/tx-lattice.jpg,binary,26897,96bf83e8535a74a2a9fa0586568d9f6b58acb0fe9c7fedf1951444b62b02ffca,512x512,,proc_buzzz (Buzz Line),yes,Buzz-Line,listed-in-extraction-metadata|used-by-proc_-brush-id,,,,,
assets/brushes/textures/tx-leather.jpg,binary,64259,b00a4524cbdd2443c9f88c8e560f41cfcd34292b76e1f71cf3849e2595baff71,512x512,,proc_old_skin (Aged Skin),yes,Aged-Skin,listed-in-extraction-metadata|used-by-proc_-brush-id,,,,,
assets/brushes/textures/tx-leopard-print.png,binary,202293,033a95a99b828db518a12ade6142ca7e26f2eaf0d60c3b389dd00d702a4cc977,512x511,,br_island_grain (Island Grain),yes,Island-Grain,listed-in-extraction-metadata,,,,,
assets/brushes/textures/tx-light-pastel-board.jpg,binary,99990,9a27ebca12ae2090e39cd3ccc024a8d3cbac09c20f4dac3cae44c77784c2d1f1,512x512,,proc_evolve (Morph),yes,Morph,listed-in-extraction-metadata|used-by-proc_-brush-id,,,,,
assets/brushes/textures/tx-lightning.jpg,binary,10173,a2194f10cd0e6b1f6979a9d75cdcce5e13bbbb663eca544166843459ba0d4226,512x512,,proc_bolt (Bolt),yes,Bolt,listed-in-extraction-metadata|used-by-proc_-brush-id,,,,,
assets/brushes/textures/tx-lightpeaks.jpg,binary,10475,1b6f887a0a2e329af6c9d32f4fe95e5c7abd66ac08ec2962a71c8f391382f7be,512x512,,proc_lightleak (Lightleak),yes,Lightleak,listed-in-extraction-metadata|used-by-proc_-brush-id,,,,,
assets/brushes/textures/tx-limestone-grain.png,binary,182984,8820d25fda4ba64433a231a46ae664fb8d28fc603277479c95c2b87c9401a1ef,512x512,,artify_stone_grain (حبيبات الحجر) ; khat_kufi (خط كوفي هندسي) ; artify_kufi_engraved (كوفي منقوش) ; proc_limestone_feat (Limestone) ; proc_limestone (Limestone),yes,Limestone,listed-in-extraction-metadata|used-by-proc_-brush-id,,,,,
assets/brushes/textures/tx-limestone-shape.png,binary,107590,c7870bef101ed6ca97328ca3757bdb0152da5ce78a12ff9290d7f124b3efcc30,512x512,,artify_stone_grain (حبيبات الحجر) ; artify_kufi_engraved (كوفي منقوش) ; proc_limestone_feat (Limestone) ; proc_limestone (Limestone),yes,Limestone,listed-in-extraction-metadata|used-by-proc_-brush-id,,,,,
assets/brushes/textures/tx-liquid-lines.png,binary,54125,308abe6c78e1a98e564ecf661ea8c1b764f0324ad1bb2482e7e511b59703cb79,512x512,,br_bark_grain (Bark Grain),yes,Bark-Grain,listed-in-extraction-metadata,,,,,
assets/brushes/textures/tx-macro-rock.jpg,binary,91947,ff6fd562037c1dbaf892fd17e12fdaecb18c3ced5e5e415a43e44de17dca827d,512x512,,,no,,not-referenced-by-code,,,,,
assets/brushes/textures/tx-marble-grain.png,binary,347179,be3baaf27248af362c1cc18d0f5356fbf7aedc22b48d122f847408d0f9c12d93,512x512,,proc_river_silt (Silt Wash),yes,Silt-Wash,listed-in-extraction-metadata|used-by-proc_-brush-id,,,,,
assets/brushes/textures/tx-marble-shape.png,binary,142665,1383cfd39992fce9a6f9826b83738f1828acb670fa1401af199953fff2d499b3,512x512,,proc_river_silt (Silt Wash),yes,Silt-Wash,listed-in-extraction-metadata|used-by-proc_-brush-id,,,,,
assets/brushes/textures/tx-medium-hard.png,binary,68786,e9bb5bdf08cc82635188e8f89d5809878bfb81fa6f347d99b878ec59f2d1d05c,512x512,,proc_gel_pen (Gel Pen) ; proc_studio_pen (Precision Pen) ; proc_script (Script) ; proc_medium_hard_brush (Medium Hard Brush) ; proc_medium_hard_blend (Medium Hard Blend) ; proc_medium_hard_airbrush (Medium Hard Airbrush) ; proc_diagonal (Diagonal) ; proc_rosette (Rosette) ; br_soft_wash (Soft Wash) ; br_wattle_dot (Wattle Dot),yes,Diagonal ; Gel-Pen ; Medium-Hard-Airbrush ; Medium-Hard-Blend ; Medium-Hard-Brush ; Precision-Pen ; Rosette ; Script ; Soft-Wash ; Wattle-Dot,listed-in-extraction-metadata|used-by-proc_-brush-id,,,,,
assets/brushes/textures/tx-medium.png,binary,92787,b1f88f7b9c1b0419f596237eb063ae53ed8a364193df3591c3a1e86bd6307d8c,512x512,,br_chalk_stick (Chalk Stick) ; proc_medium_brush (Medium Brush) ; proc_medium_blend (Medium Blend) ; proc_medium_airbrush (Medium Airbrush) ; proc_grid (Grid) ; proc_decimals (Dot Matrix) ; proc_fever (Heat Haze) ; proc_newsprint (Newsprint) ; proc_concrete_block (Concrete Block) ; br_chalk_stick_2 (Chalk Stick) ; proc_signature (Signature),yes,Chalk-Stick ; Concrete-Block ; Dot-Matrix ; Grid ; Heat-Haze ; Medium-Airbrush ; Medium-Blend ; Medium-Brush ; Newsprint ; Signature,listed-in-extraction-metadata|used-by-proc_-brush-id,,,,,
assets/brushes/textures/tx-membrane.jpg,binary,31890,6ecf45eccc45db150d6d94d63adbf5b7080c4157e1d3b69f34190613163336ca,512x512,,proc_membrane (Cell Wall),yes,Cell-Wall,listed-in-extraction-metadata|used-by-proc_-brush-id,,,,,
assets/brushes/textures/tx-memories.png,binary,124996,37e286f02312a3b14a8f94a1fd3162bf457f1e6b66b8de7382c4e590d9a298fb,512x512,,br_star_field (Star Field),yes,Star-Field,listed-in-extraction-metadata,,,,,
assets/brushes/textures/tx-mess.jpg,binary,27721,bb34217ff432b79ae8e5e87c4892af00ef0f2a9f16333022e105a0e3836be03a,512x512,,proc_oil_pastel (Oil Pastel) ; proc_wet_acrylic (Wet Acrylic) ; proc_gouache (Gouache) ; proc_wasteland (Barren) ; proc_twisted_tree (Gnarled Branch) ; proc_stone_wall (Stone Wall) ; proc_rusted_decay (Rust),yes,Barren ; Gnarled-Branch ; Gouache ; Oil-Pastel ; Rust ; Stone-Wall ; Wet-Acrylic,listed-in-extraction-metadata|used-by-proc_-brush-id,,,,,
assets/brushes/textures/tx-mess.png,binary,64629,51ec4b650f96a8f3aa515e9b050773da087726e08438fff328fb264bd82a1bcc,512x512,,proc_hemp (Hemp),yes,Hemp,listed-in-extraction-metadata|used-by-proc_-brush-id,,,,,
assets/brushes/textures/tx-munched-paper.png,binary,336774,d6fe1da1ffac448b352d39e568a46d54703191eb8f0f2574d3d76dfcdca4c8aa,512x512,,proc_hb_pencil (HB Pencil) ; proc_marker (Marker),yes,HB-Pencil ; Marker,listed-in-extraction-metadata|used-by-proc_-brush-id,,,,,
assets/brushes/textures/tx-neblua.jpg,binary,34925,7200ea0978182ef236baa3a538156580a4b7b911e1ea47f23cff72426b19bf56,512x512,,proc_nebula (Star Cloud),yes,Star-Cloud,listed-in-extraction-metadata|used-by-proc_-brush-id,,,,,
assets/brushes/textures/tx-noise.jpg,binary,101717,76eab0d8d2fec3a4e95e7d4ccd15cbc6d3b379ab5778c964d8067b8fafd04d53,512x512,,proc_noise_brush (Noise Brush),yes,Noise-Brush,listed-in-extraction-metadata|used-by-proc_-brush-id,,,,,
assets/brushes/textures/tx-ocean.jpg,binary,29848,28b7a5b798e4814300420d4aedd454e041dfbd5b98c4555e96c98489c9c52734,512x512,,proc_oceans (Oceans),yes,Oceans,listed-in-extraction-metadata|used-by-proc_-brush-id,,,,,
assets/brushes/textures/tx-oil-board.jpg,binary,70440,61f7714f7ff2a9ad7b90d579232c4be715348574d6c4c38679f97f9a6a8ebd5b,512x512,,proc_swordgrass (Blade Grass) ; proc_wildgrass (Wildgrass),yes,Blade-Grass ; Wildgrass,listed-in-extraction-metadata|used-by-proc_-brush-id,,,,,
assets/brushes/textures/tx-oil-canvas.jpg,binary,40259,2f9763f1e710e752038e8957c59fe1784db9a5e7815a84827c8f466aaca7bf4a,512x512,,proc_tamar (Estuary) ; proc_bolt (Bolt),yes,Bolt ; Estuary,listed-in-extraction-metadata|used-by-proc_-brush-id,,,,,
assets/brushes/textures/tx-oil-dab.png,binary,60552,fca4bb893ce7ebc754c8de6b314b3568d856a99f7bbabd1c546117b375affd4c,512x512,,br_spotted_grain (Spotted Grain),yes,Spotted-Grain,listed-in-extraction-metadata,,,,,
assets/brushes/textures/tx-oil-dash-3.png,binary,96587,83a1b841d12759800935970bb68c16eedc4d7423465d6f6f322770767d853f5a,512x512,,br_cascade (Cascade) ; br_metallic_cascade (Metallic Cascade),yes,Cascade ; Metallic-Cascade,listed-in-extraction-metadata,,,,,
assets/brushes/textures/tx-oil-dash.png,binary,47138,ba2b7c506f17a8aaca534a7acf3fafbaef3e91b2aa5d65145cd20761c6e56d69,512x512,,br_alpine_grain (Alpine Grain),yes,Alpine-Grain,listed-in-extraction-metadata,,,,,
assets/brushes/textures/tx-oil-pastel.jpg,binary,85355,ab73d4e1632ea1b33f2b340689f49b0cb633165045bd13d9b37db04cee020463,512x512,,proc_oil_pastel (Oil Pastel),yes,Oil-Pastel,listed-in-extraction-metadata|used-by-proc_-brush-id,,,,,
assets/brushes/textures/tx-orange-peal.jpg,binary,45579,3732aad0d8205e298715811d347badbbf00222ea846798ce4252ef67d37a86b4,512x512,,proc_rough_skin (Rough Skin),yes,Rough-Skin,listed-in-extraction-metadata|used-by-proc_-brush-id,,,,,
assets/brushes/textures/tx-orbs.png,binary,47246,894a59aeae4e3d61019c60b2f7ca2c8bc39764d3ff480ee46ab0170ef3fcc2cb,512x512,,proc_styx (Deep Current) ; proc_twig (Twig),yes,Deep-Current ; Twig,listed-in-extraction-metadata|used-by-proc_-brush-id,,,,,
assets/brushes/textures/tx-oval.png,binary,8935,adc040284bbd7f19298e80fab62df7f54e9dd4aa106ddb7e7fd5ca833502f749,512x512,,proc_brush_pen (Brush Pen),yes,Brush-Pen,listed-in-extraction-metadata|used-by-proc_-brush-id,,,,,
assets/brushes/textures/tx-paint-dab-1.jpg,binary,22173,75ba08d29a8168dc1cc9ca0edad8306471b4113e6ea5ae8f4f9cdbfd4b4058c6,512x512,,proc_chalk (Chalk) ; proc_shale_brush (Shale Brush),yes,Chalk ; Shale-Brush,listed-in-extraction-metadata|used-by-proc_-brush-id,,,,,
assets/brushes/textures/tx-palm-grain.png,binary,182984,8820d25fda4ba64433a231a46ae664fb8d28fc603277479c95c2b87c9401a1ef,512x512,,proc_palm_husk_feat (Palm Husk) ; proc_palm_husk (Palm Husk),yes,Palm-Husk,listed-in-extraction-metadata|used-by-proc_-brush-id,,,,,
assets/brushes/textures/tx-palm-shape.png,binary,152280,e80afed6a5e628268b208153bc737959f1096a5e3a42b04d3104b3bf76a88b03,512x512,,proc_palm_husk_feat (Palm Husk) ; proc_palm_husk (Palm Husk),yes,Palm-Husk,listed-in-extraction-metadata|used-by-proc_-brush-id,,,,,
assets/brushes/textures/tx-paper-mush.jpg,binary,109510,b3673a1cde3754651555f183b634a354280ed6b57140a3c215046f0dbf21a754,512x512,,artify_pulse_ink (نبض الحبر) ; artify_khat_ruqah (خط الرقعة الأصلي) ; khat_ruqah_azimuth (خط الرقعة ( اتجاه القلم )) ; br_deep_ink (Deep Ink) ; proc_artist_crayon (Artist Crayon) ; br_deep_ink_2 (Deep Ink) ; proc_twig (Twig),yes,Artist-Crayon ; Deep-Ink ; Twig,listed-in-extraction-metadata|used-by-proc_-brush-id,,,,,
assets/brushes/textures/tx-pastel-board-coarse.jpg,binary,90616,1553c8bedf11eec6916d52a839ec11a80b3bf0da0d0f063db311817d8dea1cb0,512x512,,proc_little_pine (Pine Needle) ; br_summit_grain (Summit Grain),yes,Pine-Needle ; Summit-Grain,listed-in-extraction-metadata|used-by-proc_-brush-id,,,,,
assets/brushes/textures/tx-pastel-board-fine.jpg,binary,100029,1c955a981d4fe9af4dcff0917247d3bff0479764ee8d2b05f0a58f97a11bcc16,512x512,,br_granite_wash (Granite Wash),yes,Granite-Wash,listed-in-extraction-metadata,,,,,
assets/brushes/textures/tx-pastel-board-wash.jpg,binary,56778,0a7d7fda9c647899378c5d2c2297bab580bac48723c888992f1ca869fb079c80,512x512,,br_striped_grain (Striped Grain),yes,Striped-Grain,listed-in-extraction-metadata,,,,,
assets/brushes/textures/tx-pastel-board.jpg,binary,104167,c697152cc00633c918be203ec85987cd887b5f324ee785c07676363021620463,512x512,,br_copper_line (Copper Line),yes,Copper-Line,listed-in-extraction-metadata,,,,,
assets/brushes/textures/tx-pastel-paper.jpg,binary,59492,225ba2bbb8fec1b5abc171cef574369b10332f3108dd6c01b97105a5dbf4a01c,512x512,,proc_soft_pastel (Soft Pastel),yes,Soft-Pastel,listed-in-extraction-metadata|used-by-proc_-brush-id,,,,,
assets/brushes/textures/tx-pen-glow.jpg,binary,5674,dd79973d6d10ad7999e031d7d0e828a99821eb0f4ea031695d92de68cb270fa4,512x512,,artify_light_thread (خيط الضوء) ; proc_lightpen (Lightpen),yes,Lightpen,listed-in-extraction-metadata|used-by-proc_-brush-id,,,,,
assets/brushes/textures/tx-procedural-noise.jpg,binary,71667,ac34ee64763a4c3c579d68a2b1a27c4723ca1b86408d354b8b76f1de330b8b3d,512x512,,proc_peppermint (Mint Leaf) ; br_coastal_wash (Coastal Wash),yes,Coastal-Wash ; Mint-Leaf,listed-in-extraction-metadata|used-by-proc_-brush-id,,,,,
assets/brushes/textures/tx-raggedy-gouache.jpg,binary,50482,01a89dbc9b197288476d76311c2184b49e0eb80e90d83b3aff87e95ba427977f,512x512,,artify_velvet_gouache (غواش مخملي) ; br_vineyard_wash (Vineyard Wash),yes,Vineyard-Wash,listed-in-extraction-metadata,,,,,
assets/brushes/textures/tx-raw-canvas.jpg,binary,89524,4d6dbdda78d5d8ffa39a9c32f46c4bb800224a6f4f5dde0a1f666814d05d0629,512x512,,artify_velvet_gouache (غواش مخملي) ; br_cobblestone (Cobblestone) ; proc_aurora_feat (Polar Glow) ; proc_spectra_feat (Prism) ; br_cobblestone_2 (Cobblestone) ; proc_aurora (Polar Glow) ; br_leather_grain (Leather Grain) ; br_chalk_line (Chalk Line),yes,Chalk-Line ; Cobblestone ; Leather-Grain ; Polar-Glow,listed-in-extraction-metadata|used-by-proc_-brush-id,,,,,
assets/brushes/textures/tx-recycled-paper.png,binary,392186,d17b5c69df530a1eb3232fed2419ae230ba98b9c498cd28e313d226e5786cc89,512x512,,br_sketch_pencil (Sketch Pencil),yes,Sketch-Pencil,listed-in-extraction-metadata,,,,,
assets/brushes/textures/tx-refined-round-dots.png,binary,172178,532c9738014de2ef925721d09fae817ebc623ea5ddc347db124fb62c6e86dfa0,512x512,,proc_acrylic_feat (Acrylic) ; proc_acrylic (Acrylic),yes,Acrylic,listed-in-extraction-metadata|used-by-proc_-brush-id,,,,,
assets/brushes/textures/tx-refract.png,binary,188311,d22e770030b1c4c98a13eb7a4dfd257d2c7353b55cd81dc02d1712ca13949208,512x512,,proc_water (Water),yes,Water,listed-in-extraction-metadata|used-by-proc_-brush-id,,,,,
assets/brushes/textures/tx-reticles.jpg,binary,11861,d84fb5011eb1201a6f9e4cea8624d8a5fa0181ef5390acba0955b61d707f15e7,512x512,,proc_opticon (Optic Flare),yes,Optic-Flare,listed-in-extraction-metadata|used-by-proc_-brush-id,,,,,
assets/brushes/textures/tx-rust-1.jpg,binary,69032,f480a82c425af2a198ca16c39cae4007ffaae01ba6a36ceb8a4bbb390282f4bf,512x512,,proc_heavy_metal (Steel Edge),yes,Steel-Edge,listed-in-extraction-metadata|used-by-proc_-brush-id,,,,,
assets/brushes/textures/tx-rust-2.jpg,binary,20469,913c80f44f40077e41a7c7f9a8483c8e63784f4690a8c1024e533b4fbfafa0f4,512x512,,proc_heavy_metal (Steel Edge),yes,Steel-Edge,listed-in-extraction-metadata|used-by-proc_-brush-id,,,,,
assets/brushes/textures/tx-rust-3.jpg,binary,110912,31f6ff1ac3998ced63085c4d70fc8d37bb439e486decbecf6f8b3f5418ef633b,512x512,,proc_oil_paint (Oil Paint) ; proc_rusted_decay (Rust),yes,Oil-Paint ; Rust,listed-in-extraction-metadata|used-by-proc_-brush-id,,,,,
assets/brushes/textures/tx-sable-grain.png,binary,340175,db706ba170767dbe4a3ab30eddc218433bbc30340ffd244884535556651e88a6,512x512,,proc_flourish (Flourish),yes,Flourish,listed-in-extraction-metadata|used-by-proc_-brush-id,,,,,
assets/brushes/textures/tx-sable-shape.png,binary,71031,1b526de3c18bad42fb2faeb76aef8c5e643777e8fa8216bc6421fefd6cb24842,512x512,,proc_flourish (Flourish),yes,Flourish,listed-in-extraction-metadata|used-by-proc_-brush-id,,,,,
assets/brushes/textures/tx-scraped.png,binary,282106,b44414ec135714d6c90d5f1cc745251a8fcbe14ef86daed1b8ea81e7e4d85892,512x512,,,no,,not-referenced-by-code,,,,,
assets/brushes/textures/tx-scribble-2.jpg,binary,10431,8d1b20aad24ef9b08dab217e9aaae74215e5785e6ac3bb762c885283e586662b,512x512,,proc_marble (Marble),yes,Marble,listed-in-extraction-metadata|used-by-proc_-brush-id,,,,,
assets/brushes/textures/tx-scribble.jpg,binary,13800,87623626c1371df0e6379e9fb4dbff828b7b8ab8dec371c56f9309e79524e110,512x512,,proc_hb_pencil (HB Pencil),yes,HB-Pencil,listed-in-extraction-metadata|used-by-proc_-brush-id,,,,,
assets/brushes/textures/tx-seashell.jpg,binary,27969,e31a601abe2cf2a163844061bbbbc2e84201bc25d70b62d4630bc2c2962fb616,512x512,,proc_storm_bay (Storm Wash),yes,Storm-Wash,listed-in-extraction-metadata|used-by-proc_-brush-id,,,,,
assets/brushes/textures/tx-sediment-grain.png,binary,347179,be3baaf27248af362c1cc18d0f5356fbf7aedc22b48d122f847408d0f9c12d93,512x512,,proc_smoky_quartz (Smoky Quartz),yes,Smoky-Quartz,listed-in-extraction-metadata|used-by-proc_-brush-id,,,,,
assets/brushes/textures/tx-sediment-shape.png,binary,120690,07be5420fc78e276860739002a50b9b3490dc07ca86b4588ba4fa8848b02eaee,512x512,,proc_smoky_quartz (Smoky Quartz),yes,Smoky-Quartz,listed-in-extraction-metadata|used-by-proc_-brush-id,,,,,
assets/brushes/textures/tx-short-hair.jpg,binary,19673,e1270ba96d745b04ea54813f7099f4c3c045c56dab798ae9160dd92e6ca21c45,512x512,,proc_short_hair (Short Hair),yes,Short-Hair,listed-in-extraction-metadata|used-by-proc_-brush-id,,,,,
assets/brushes/textures/tx-simple-blotch.jpg,binary,20207,1c145d90189e8fcecd464100146b269704601035110770c019eda3523edc3592,512x512,,proc_aurora_feat (Polar Glow) ; proc_aurora (Polar Glow),yes,Polar-Glow,listed-in-extraction-metadata|used-by-proc_-brush-id,,,,,
assets/brushes/textures/tx-simple-leaf.png,binary,10411,d9d784ad19cdbea00f50dfceb756c1c920ee7c8e0ed69ea7b75ad5311dfd2890,512x512,,artify_arabesque_stamp (زخرفة الأرابيسك) ; proc_syrup_feat (Thick Ink) ; br_ink_nib (Ink Nib) ; proc_syrup (Thick Ink),yes,Ink-Nib ; Thick-Ink,listed-in-extraction-metadata|used-by-proc_-brush-id,,,,,
assets/brushes/textures/tx-sketch-paper.jpg,binary,65909,60c72a3d3c1aa7217b912255aad88cd3209fbf693e2caacd98ef01c3968f11cc,512x512,,proc_technical_pencil (Technical Pencil),yes,Technical-Pencil,listed-in-extraction-metadata|used-by-proc_-brush-id,,,,,
assets/brushes/textures/tx-slim-oval.png,binary,7107,548af5bbb723fbf21137fa43890fb053b4a265f83592a6307efc9b0ec1ba26db,512x512,,br_studio_ink (Studio Ink),yes,Studio-Ink,listed-in-extraction-metadata,,,,,
assets/brushes/textures/tx-small-point.png,binary,29684,79ca9142fefe3fff6d6dc9e74be513c7230a3e3ff0113f389c773b4f830ad082,512x512,,proc_technical_pen_feat (Technical Pen) ; br_sketch_pencil (Sketch Pencil) ; proc_technical_pen (Technical Pen),yes,Sketch-Pencil ; Technical-Pen,listed-in-extraction-metadata|used-by-proc_-brush-id,,,,,
assets/brushes/textures/tx-soft.png,binary,113734,21fd4184a01a9ee6ed89222f15abaa981bbbd6a204660ec9684631c03ea0f602,512x512,,proc_soft_brush (Soft Brush) ; proc_soft_airbrush (Soft Airbrush) ; proc_victorian (Ornate) ; proc_wood (Wood) ; proc_water (Water) ; proc_oceans (Oceans) ; proc_driven_snow (Snow Drift) ; br_island_grain (Island Grain) ; proc_noise_brush (Noise Brush) ; proc_old_skin (Aged Skin) ; proc_rough_skin (Rough Skin) ; proc_zombie_skin (Cracked Skin) ; proc_pulse (Pulse) ; proc_lightleak (Lightleak) ; proc_caged (Cage Grid) ; proc_corrugated_iron (Corrugated Iron),yes,Aged-Skin ; Cage-Grid ; Corrugated-Iron ; Cracked-Skin ; Island-Grain ; Lightleak ; Noise-Brush ; Oceans ; Ornate ; Pulse ; Rough-Skin ; Snow-Drift ; Soft-Airbrush ; Soft-Brush ; Water ; Wood,listed-in-extraction-metadata|used-by-proc_-brush-id,,,,,
assets/brushes/textures/tx-solid-rectangles.png,binary,3778,46cb38a0865fcfd7d44c26bdc1c5c3598fe6d74f7e3dd1995134d6054e3e99aa,512x512,,proc_stickman (Figure),yes,Figure,listed-in-extraction-metadata|used-by-proc_-brush-id,,,,,
assets/brushes/textures/tx-spike.png,binary,9677,5ea7a93a0f7553ad8812b1688cb14eb0ea0f837c773b6518c4f6d91f3ba0e142,512x512,,br_needle_dot (Needle Dot),yes,Needle-Dot,listed-in-extraction-metadata,,,,,
assets/brushes/textures/tx-splash-1.jpg,binary,27778,dd3272882cf4fc2ba639d33e89261cb875c83fa21e75c9984b03cf5141ca422f,512x512,,proc_splatter (Splatter) ; proc_mad_splashes (Wild Splash),yes,Splatter ; Wild-Splash,listed-in-extraction-metadata|used-by-proc_-brush-id,,,,,
assets/brushes/textures/tx-splash-2.jpg,binary,24421,9b3fa0bd60073c36b6d9563b95656fc1256b6d239ef44606b01f9b2732cf866b,512x512,,proc_blotch (Blotch),yes,Blotch,listed-in-extraction-metadata|used-by-proc_-brush-id,,,,,
assets/brushes/textures/tx-splatters.png,binary,359319,de01a5e14277806dcc33299105b8b0bf16959db9948f700c6c5c82b005afeb92,512x512,,proc_dry_ink_feat (Dry Ink) ; proc_dry_ink (Dry Ink),yes,Dry-Ink,listed-in-extraction-metadata|used-by-proc_-brush-id,,,,,
assets/brushes/textures/tx-sprial.jpg,binary,12822,66cc1d0e590b68e1ae72f6c9ee57233cd94c89c124ec98752c6b3ab4a8763c2d,512x512,,proc_groovy (Retro Wave),yes,Retro-Wave,listed-in-extraction-metadata|used-by-proc_-brush-id,,,,,
assets/brushes/textures/tx-square-dots.jpg,binary,23227,2ac078eb8c7513bc3f552794e94c56674e85d0d34a21f9b4fa01c05b15f887a0,512x512,,proc_styx (Deep Current) ; proc_stucco (Stucco),yes,Deep-Current ; Stucco,listed-in-extraction-metadata|used-by-proc_-brush-id,,,,,
assets/brushes/textures/tx-stained-paper-1.jpg,binary,69842,370553b440d99a3490fd1cb8bbf3df557c2a06324fabf35c6076b2bebd4d959a,512x512,,artify_khat_diwani (خط الديواني الأصلي) ; proc_wild_light (Flare Burst) ; proc_streaks (Streaks) ; proc_water_brush (Water Brush),yes,Flare-Burst ; Streaks ; Water-Brush,listed-in-extraction-metadata|used-by-proc_-brush-id,,,,,
assets/brushes/textures/tx-stained-paper-2.jpg,binary,54416,5202823704d9b4df81deb76bbcb26f104ecff2d93719b0f11d0ecd0c096b82e1,512x512,,artify_arabesque_stamp (زخرفة الأرابيسك) ; proc_blotchy (Blotchy),yes,Blotchy,listed-in-extraction-metadata|used-by-proc_-brush-id,,,,,
assets/brushes/textures/tx-star.jpg,binary,10161,6cd6bb5516594e03e1454e76690446074f300f2693f806d319bdbca89f5d12aa,512x512,,proc_glimmer (Shimmer),yes,Shimmer,listed-in-extraction-metadata|used-by-proc_-brush-id,,,,,
assets/brushes/textures/tx-stone-wall-2.png,binary,369193,b13807952b559589fbdd7ae93a408ef9ed751e6b52adeedcf93326709f01cd8b,512x512,,br_landscape_wash (Landscape Wash),yes,Landscape-Wash,listed-in-extraction-metadata,,,,,
assets/brushes/textures/tx-stone-wall.jpg,binary,92168,66aeb0529febbb36c20c5541e21630507736b7276596903d816ddac20a9ba76b,512x512,,proc_stone_wall (Stone Wall),yes,Stone-Wall,listed-in-extraction-metadata|used-by-proc_-brush-id,,,,,
assets/brushes/textures/tx-streaky.jpg,binary,21977,14c51c051aea23266b6f851efbea704bf79c9286806f99badc4505d680a17551,512x512,,proc_streaks (Streaks),yes,Streaks,listed-in-extraction-metadata|used-by-proc_-brush-id,,,,,
assets/brushes/textures/tx-stubble.jpg,binary,11637,453a3103631f5311fd695af43a40b07fca01813412319ad87e8d637c97449ece,512x512,,proc_stubble (Stubble),yes,Stubble,listed-in-extraction-metadata|used-by-proc_-brush-id,,,,,
assets/brushes/textures/tx-summer-grain.png,binary,143622,9114a4b1e62c8e7312bffa6c8e46135c49e8732bbe0418e01a757a5fa1e7231b,512x512,,proc_wheatgrass (Wheat Blade),yes,Wheat-Blade,listed-in-extraction-metadata|used-by-proc_-brush-id,,,,,
assets/brushes/textures/tx-summer-shape.png,binary,152280,e80afed6a5e628268b208153bc737959f1096a5e3a42b04d3104b3bf76a88b03,512x512,,proc_wheatgrass (Wheat Blade),yes,Wheat-Blade,listed-in-extraction-metadata|used-by-proc_-brush-id,,,,,
assets/brushes/textures/tx-synthetic-round.jpg,binary,11002,8fddcefc592401cecc5437159328012a91d3d2545e87075f95bbdc764920dffd,512x512,,proc_membrane (Cell Wall) ; proc_bamboo (Bamboo),yes,Bamboo ; Cell-Wall,listed-in-extraction-metadata|used-by-proc_-brush-id,,,,,
assets/brushes/textures/tx-tendril.jpg,binary,10070,2229d2394b3993be5713a8d4b3415d306a1f0abfbcb7d3d782964ff7637fad65,512x512,,proc_flames (Flames),yes,Flames,listed-in-extraction-metadata|used-by-proc_-brush-id,,,,,
assets/brushes/textures/tx-tentacle.jpg,binary,8876,f952efa95fde777b86b4d8b032806aadd7ae6719e92d217a1d92da21289db65f,512x512,,proc_smoke (Smoke),yes,Smoke,listed-in-extraction-metadata|used-by-proc_-brush-id,,,,,
assets/brushes/textures/tx-tessellated.png,binary,126520,37fddb692d8fac558ce2e524cb738429fc91306335b5d4ebffabce3c99d95135,512x512,,proc_tessellated (Tessellated),yes,Tessellated,listed-in-extraction-metadata|used-by-proc_-brush-id,,,,,
assets/brushes/textures/tx-textured-ink.png,binary,276788,b8ccea25b44805bec993841b4243f7d70ca39cddbea2682724a3c5c0d071feac,512x512,,qalam_reed_pen (قلم القصب (ثلث)) ; br_studio_ink (Studio Ink) ; proc_signature (Signature),yes,Signature ; Studio-Ink,listed-in-extraction-metadata|used-by-proc_-brush-id,,,,,
assets/brushes/textures/tx-torn.jpg,binary,14470,9ada3d6ac62d9d270268d3da8e4fdde415e563aab1ec5fb2e27224427724f747,512x512,,proc_rad (Radiant),yes,Radiant,listed-in-extraction-metadata|used-by-proc_-brush-id,,,,,
assets/brushes/textures/tx-tri-grid.png,binary,25488,71d9c4cfc7b71fb74929b605db9c3de3ecffdef712ce5023f3ef0933b59dc5a6,512x512,,br_tri_grid (Tri Grid),yes,Tri-Grid,listed-in-extraction-metadata,,,,,
assets/brushes/textures/tx-ultra-soft-2.jpg,binary,7299,d9177fc4831800933a7ac433cc55de3f968eb2df35a2f66d3d068101b9a77d1d,512x512,,proc_fine_tip (Fine Tip) ; proc_soft_blend (Soft Blend),yes,Fine-Tip ; Soft-Blend,listed-in-extraction-metadata|used-by-proc_-brush-id,,,,,
assets/brushes/textures/tx-ultra-soft.jpg,binary,34230,8081e8382002988099982113e056ec2e5202c2ce2d13daab8fc2208203c6978c,512x512,,proc_ultrafine_nozzle (Ultrafine Nozzle),yes,Ultrafine-Nozzle,listed-in-extraction-metadata|used-by-proc_-brush-id,,,,,
assets/brushes/textures/tx-undercoat.jpg,binary,59669,9186875298e0f6070d353746aae9a4eb121a708a4a14698d245d69e3c936508d,512x512,,br_frond (Frond),yes,Frond,listed-in-extraction-metadata,,,,,
assets/brushes/textures/tx-volcanic-grain.png,binary,54441,953da9ab4b34d1d37dcfacbf82e665c128c72cc8e82baf9e594bfc5d2bf361d1,512x512,,proc_volcanic_ash_feat (Volcanic Ash) ; proc_volcanic_ash (Volcanic Ash),yes,Volcanic-Ash,listed-in-extraction-metadata|used-by-proc_-brush-id,,,,,
assets/brushes/textures/tx-volcanic-shape.png,binary,54441,953da9ab4b34d1d37dcfacbf82e665c128c72cc8e82baf9e594bfc5d2bf361d1,512x512,,proc_volcanic_ash_feat (Volcanic Ash) ; proc_volcanic_ash (Volcanic Ash),yes,Volcanic-Ash,listed-in-extraction-metadata|used-by-proc_-brush-id,,,,,
assets/brushes/textures/tx-warby-canvas.jpg,binary,66464,eb2aa197e140b521bf2b90d897b9e5babc2e94822a642a6604b21d0a40237b33,512x512,,br_paperbark (Paperbark),yes,Paperbark,listed-in-extraction-metadata,,,,,
assets/brushes/textures/tx-water-bleed.jpg,binary,27569,642009f7f988adda9bf41fdd5dcd12bae0b5dd9b140035c0c28e49e3f29692a7,512x512,,proc_wash (Wash),yes,Wash,listed-in-extraction-metadata|used-by-proc_-brush-id,,,,,
assets/brushes/textures/tx-water-bleed.png,binary,244350,0c09775b797a79c041eb018d22684d9adcde943c391abf4b0308ac7d2ce029e5,512x512,,proc_fresco (Fresco),yes,Fresco,listed-in-extraction-metadata|used-by-proc_-brush-id,,,,,
assets/brushes/textures/tx-water-blotch-1.jpg,binary,34218,ffb328029e9b1a375f67a86e0a2d834bc19ea54b62886b1c32f9358aa39c8e17,512x512,,proc_clay_feat (Clay) ; proc_wild_light (Flare Burst) ; proc_clay (Clay) ; proc_wet_glaze (Wet Glaze) ; proc_water_brush (Water Brush),yes,Clay ; Flare-Burst ; Water-Brush ; Wet-Glaze,listed-in-extraction-metadata|used-by-proc_-brush-id,,,,,
assets/brushes/textures/tx-water-blotch-2.jpg,binary,32491,a013e3e96a0ee9427a8b6e1829f7f8512156f457f1110c51898f5641a329749a,512x512,,artify_mist_wash (غيمة مائية) ; proc_sable (Sable) ; proc_water_bleed (Water Bleed),yes,Sable ; Water-Bleed,listed-in-extraction-metadata|used-by-proc_-brush-id,,,,,
assets/brushes/textures/tx-water-flicks.jpg,binary,13730,a560c850010f085bbb321d86008f8210e9f00a02f76264eae095fce9d9d7572d,512x512,,proc_water_flicks (Water Flicks),yes,Water-Flicks,listed-in-extraction-metadata|used-by-proc_-brush-id,,,,,
assets/brushes/textures/tx-waveform.png,binary,20268,19961dbe33cfb6b63eb7aaa461a486bba2e53dc8dc837a502f4443b958f62d8c,512x512,,proc_waveform (Waveform),yes,Waveform,listed-in-extraction-metadata|used-by-proc_-brush-id,,,,,
assets/brushes/textures/tx-wax-crayon-paper.jpg,binary,65006,bc64f8c54044e5123553a2c756f84390dfef36c4ec260a6ac1c53aa4ca03f9d5,512x512,,br_ember (Ember) ; br_ember_2 (Ember) ; br_alpine_grain (Alpine Grain) ; proc_old_beach (Sand Drift) ; proc_metallic_beach (Metallic Sand),yes,Alpine-Grain ; Ember ; Metallic-Sand ; Sand-Drift,listed-in-extraction-metadata|used-by-proc_-brush-id,,,,,
assets/brushes/textures/tx-weary-dots.jpg,binary,14357,38a43ba4206d5b17b2325cd0a29ba6c403629d70d917a8937061d40b4a54223e,512x512,,br_copper_line (Copper Line),yes,Copper-Line,listed-in-extraction-metadata,,,,,
assets/brushes/textures/tx-wet-paper.jpg,binary,58583,5a303d2a54dbcf05dbb26d231fac2c1e654185fa1f543f7a8fe179eed775fb47,512x512,,proc_clay_feat (Clay) ; proc_clay (Clay) ; proc_water_bleed (Water Bleed),yes,Clay ; Water-Bleed,listed-in-extraction-metadata|used-by-proc_-brush-id,,,,,
assets/brushes/textures/tx-wildgrass.jpg,binary,32716,049f9830ab8957ec7aafa5bd634be88ac0da05424fb44c993fb99413f39f5831,512x512,,proc_wildgrass (Wildgrass),yes,Wildgrass,listed-in-extraction-metadata|used-by-proc_-brush-id,,,,,
assets/brushes/textures/tx-willow-grain.jpg,binary,84736,acb3d93fc8edfebaf0e66cf63a331034ef998fd3d634a32ec10ca97f100d869a,512x512,,proc_willow_charcoal (Willow Charcoal),yes,Willow-Charcoal,listed-in-extraction-metadata|used-by-proc_-brush-id,,,,,
assets/brushes/textures/tx-willow.jpg,binary,48841,d97702c060dad9b0cb257821cb12d17051cf95eb3177871b283543b5bad78a9b,512x512,,proc_willow_charcoal (Willow Charcoal),yes,Willow-Charcoal,listed-in-extraction-metadata|used-by-proc_-brush-id,,,,,
assets/brushes/textures/tx-wood.png,binary,333813,c808cc44ff7eb4d88d3deb556d3e03cd7e2ac1ec9a6bd29b6842f3a550369d0d,512x512,,proc_wood (Wood),yes,Wood,listed-in-extraction-metadata|used-by-proc_-brush-id,,,,,
assets/brushes/textures/tx-worn-dots.jpg,binary,55839,d893d210888d160709504c3dc7096e7a4ce8b9b022c9f2f3f283917b408c8085,512x512,,proc_newsprint (Newsprint),yes,Newsprint,listed-in-extraction-metadata|used-by-proc_-brush-id,,,,,
assets/brushes/textures/tx-zombie.jpg,binary,92150,a7cb756606d40478e2ccf01a1cc74c031cf331c9e7193923b7c9bfd7e3e2244b,512x512,,proc_zombie_skin (Cracked Skin),yes,Cracked-Skin,listed-in-extraction-metadata|used-by-proc_-brush-id,,,,,
assets/brushes/thumbnails/th-acrylic-dab-2.jpg,binary,16417,2a04e54373d58dec7d050453fc5a6b4a6fb05ddc00437c354dd88c0215c4291a,292x292,xmp:CreatorTool=Adobe Photoshop CC 2019 (Macintosh); xmpMM:DocumentID=xmp.did:96A2A6C602DE11EA8099E890F9210EAF,proc_acrylic_feat (Acrylic) ; proc_evolve (Morph) ; proc_acrylic (Acrylic) ; br_chalk_line (Chalk Line) ; br_shoreline (Shoreline) ; br_dark_timber (Dark Timber) ; br_coastal_wash (Coastal Wash) ; br_landscape_wash (Landscape Wash),yes,Acrylic ; Chalk-Line ; Coastal-Wash ; Dark-Timber ; Landscape-Wash ; Morph ; Shoreline,listed-in-extraction-metadata|used-by-proc_-brush-id,,,,,
assets/brushes/thumbnails/th-acrylic-dab-3.jpg,binary,16754,befe62bcedc8bf0f2f81ebff0515b9f4396fcaacc9698ce9abc2cffb08d54324,292x292,xmp:CreatorTool=Adobe Photoshop CC 2019 (Macintosh); xmpMM:DocumentID=xmp.did:95D5D0C102DE11EA8099E890F9210EAF,proc_old_beach (Sand Drift) ; proc_metallic_beach (Metallic Sand),yes,Metallic-Sand ; Sand-Drift,listed-in-extraction-metadata|used-by-proc_-brush-id,,,,,
assets/brushes/thumbnails/th-acrylic-dab-4.jpg,binary,25209,7ff1b77fa37471de24e0d8f96a6a76937cd4894313200e811f6c80b0ab321418,292x292,xmp:CreatorTool=Adobe Photoshop CC 2019 (Macintosh); xmpMM:DocumentID=xmp.did:95D5D0BD02DE11EA8099E890F9210EAF,br_frond (Frond),yes,Frond,listed-in-extraction-metadata,,,,,
assets/brushes/thumbnails/th-acrylic-dab-5.jpg,binary,26443,cd7d08fac66b5036f5f3ff8ac39f5adda52c6cbed415fb206d0a920696ff49ef,292x292,xmp:CreatorTool=Adobe Photoshop CC 2019 (Macintosh); xmpMM:DocumentID=xmp.did:9503898E02DE11EA8099E890F9210EAF,br_cobblestone (Cobblestone) ; br_cobblestone_2 (Cobblestone) ; proc_sawtooth (Sawtooth),yes,Cobblestone ; Sawtooth,listed-in-extraction-metadata|used-by-proc_-brush-id,,,,,
assets/brushes/thumbnails/th-acrylic-dab-rough-2.jpg,binary,17371,a20581eae711eb350d48f178fd1eb5e8856e8fe5baf4bdba4d62aeb80e6a4860,292x292,xmp:CreatorTool=Adobe Photoshop CC 2019 (Macintosh); xmpMM:DocumentID=xmp.did:9427EBF302DE11EA8099E890F9210EAF,proc_spectra_feat (Prism) ; br_summit_grain (Summit Grain) ; br_paperbark (Paperbark) ; proc_wedge_tail (Wing Sweep) ; proc_mountain_ash (Tall Timber),yes,Paperbark ; Summit-Grain ; Tall-Timber ; Wing-Sweep,listed-in-extraction-metadata|used-by-proc_-brush-id,,,,,
assets/brushes/thumbnails/th-acrylic-impress.jpg,binary,16971,4e8e465a3e7b7ec3aa53a9f36d1224ea443c766fa90f446bb57f90bd8adfb911,292x292,xmp:CreatorTool=Adobe Photoshop CC 2019 (Macintosh); xmpMM:DocumentID=xmp.did:9427EBEB02DE11EA8099E890F9210EAF,proc_tamar (Estuary) ; br_fine_feather (Fine Feather),yes,Estuary ; Fine-Feather,listed-in-extraction-metadata|used-by-proc_-brush-id,,,,,
assets/brushes/thumbnails/th-acrylic-square.jpg,binary,14157,ac784f4a1283f6dd57336785a7e54d3aa6702c98142a70f3c7e69b89069cddad,292x292,xmp:CreatorTool=Adobe Photoshop CC 2019 (Macintosh); xmpMM:DocumentID=xmp.did:934FD79402DE11EA8099E890F9210EAF,br_ember (Ember) ; br_ember_2 (Ember) ; br_fern_texture (Fern Texture),yes,Ember ; Fern-Texture,listed-in-extraction-metadata,,,,,
assets/brushes/thumbnails/th-acrylic-stamp-2.jpg,binary,17716,89bae18cf6a91f7a73fb1a469ded5e95147992f16dce3b95d7e34cc0623ddbf0,292x292,xmp:CreatorTool=Adobe Photoshop CC 2019 (Macintosh); xmpMM:DocumentID=xmp.did:934FD79002DE11EA8099E890F9210EAF,proc_mercury (Liquid Metal) ; proc_little_pine (Pine Needle) ; br_talon_ink (Talon Ink) ; proc_myrtle (Leaf Grain) ; br_star_field (Star Field) ; br_rough_wash (Rough Wash),yes,Leaf-Grain ; Liquid-Metal ; Pine-Needle ; Rough-Wash ; Star-Field ; Talon-Ink,listed-in-extraction-metadata|used-by-proc_-brush-id,,,,,
assets/brushes/thumbnails/th-acrylic-stamp-3.jpg,binary,17231,be3abaa3b8169da3d1e15a4f78b6b96510b47799b8c5f9fc770fbf0758e26830,292x292,xmp:CreatorTool=Adobe Photoshop CC 2019 (Macintosh); xmpMM:DocumentID=xmp.did:934FD78C02DE11EA8099E890F9210EAF,proc_gloaming (Dusk Glow),yes,Dusk-Glow,listed-in-extraction-metadata|used-by-proc_-brush-id,,,,,
assets/brushes/thumbnails/th-acrylic-stamp-4.jpg,binary,23974,10190e07db93fc06e8dadbe6de591e10010cef4fe39b0e321eee9f24fa140da6,292x292,xmp:CreatorTool=Adobe Photoshop CC 2019 (Macintosh); xmpMM:DocumentID=xmp.did:92BD11DD02DE11EA8099E890F9210EAF,br_vineyard_wash (Vineyard Wash) ; br_nectar_dot (Nectar Dot),yes,Nectar-Dot ; Vineyard-Wash,listed-in-extraction-metadata,,,,,
assets/brushes/thumbnails/th-acrylic-stamp-5.jpg,binary,15157,1d291e9b8be40e1f9c9590b12db1713b37c0f6f78c75e90657dc7539ba65837d,292x292,xmp:CreatorTool=Adobe Photoshop CC 2019 (Macintosh); xmpMM:DocumentID=xmp.did:92BD11D902DE11EA8099E890F9210EAF,proc_inka (Ink Drop),yes,Ink-Drop,listed-in-extraction-metadata|used-by-proc_-brush-id,,,,,
assets/brushes/thumbnails/th-acrylic-stamp-6.jpg,binary,19710,34e262f59f3cb62cc1cddb18bc86c09e0e097d847b19588aae79ccfbca7629ca,292x292,xmp:CreatorTool=Adobe Photoshop CC 2019 (Macintosh); xmpMM:DocumentID=xmp.did:96A2A6CE02DE11EA8099E890F9210EAF,proc_oberon (Night Wash),yes,Night-Wash,listed-in-extraction-metadata|used-by-proc_-brush-id,,,,,
assets/brushes/thumbnails/th-blank.png,binary,92,386b4ba4c94c4ee016f038cef09095bbd9267f2b0eab7d542d8855ba9b80ed89,146x146,,proc_studio_pen_feat (Precision Pen) ; proc_technical_pen (Technical Pen) ; proc_odeon (Stage Glow),yes,Stage-Glow ; Technical-Pen,listed-in-extraction-metadata|used-by-proc_-brush-id,,,,,
assets/brushes/thumbnails/th-blotch-2.png,binary,22618,15c760d6d8c917bd1ee0a65707896360880da98190432f3b9a1a4f44d14a955f,292x292,,proc_wet_sponge (Wet Sponge),yes,Wet-Sponge,listed-in-extraction-metadata|used-by-proc_-brush-id,,,,,
assets/brushes/thumbnails/th-blotch.png,binary,10912,50b57dd2b6fab89c68941d165d9137d14ea7e4ae0e8409d0c1c4b0acaed80d01,146x146,,proc_soft_pastel (Soft Pastel) ; proc_dry_ink (Dry Ink) ; proc_blotch (Blotch),yes,Blotch ; Dry-Ink ; Soft-Pastel,listed-in-extraction-metadata|used-by-proc_-brush-id,,,,,
assets/brushes/thumbnails/th-bokeh.png,binary,13403,d29bbc72e980ba5410c73e02a61971a05178e23ac85e0a248d19107d3573ff1a,292x292,,proc_bokeh_lights (Bokeh Lights),yes,Bokeh-Lights,listed-in-extraction-metadata|used-by-proc_-brush-id,,,,,
assets/brushes/thumbnails/th-brick.png,binary,20354,fee3a78cbdfb80e52fd94d672283484bd0e73a1fac4adb1095100dddcdf3ab3a,292x292,,proc_6b_pencil_feat (6B Pencil) ; proc_6b_pencil (6B Pencil) ; br_roller_ink (Roller Ink),yes,6B-Pencil ; Roller-Ink,listed-in-extraction-metadata|used-by-proc_-brush-id,,,,,
assets/brushes/thumbnails/th-brush-glow.png,binary,16448,3cd3241ccccf935203896466daaa0339a2a5e4119d7e3d0ff1b932ddc8843dc4,292x292,,proc_lightbrush (Lightbrush),yes,Lightbrush,listed-in-extraction-metadata|used-by-proc_-brush-id,,,,,
assets/brushes/thumbnails/th-burst.png,binary,57210,12eb40cfe6a7b32540c31d6e8e5743832df7840762629e79259f4ff5eeb5c75f,292x292,,proc_fine_nozzle (Fine Nozzle) ; proc_burst (Burst),yes,Burst ; Fine-Nozzle,listed-in-extraction-metadata|used-by-proc_-brush-id,,,,,
assets/brushes/thumbnails/th-charcoal-block.png,binary,40594,ac29072b3b43c6d2271e946d4c788402582c0b3f08a0874c8110a44338f4f614,292x292,,proc_charcoal_block_feat (Charcoal Block) ; proc_old_brush (Old Brush) ; proc_dry_brush (Dry Brush) ; proc_charcoal_block (Charcoal Block),yes,Charcoal-Block ; Dry-Brush ; Old-Brush,listed-in-extraction-metadata|used-by-proc_-brush-id,,,,,
assets/brushes/thumbnails/th-charcoal-macro.png,binary,52149,ed0a96901d981ff8b296cb22b4c929cbc5e4fa5b97ccabb738ca85e305e99e06,292x292,,proc_4b_compressed (4B Compressed) ; proc_vine_charcoal (Vine Charcoal),yes,4B-Compressed ; Vine-Charcoal,listed-in-extraction-metadata|used-by-proc_-brush-id,,,,,
assets/brushes/thumbnails/th-charcoal-shards.png,binary,47419,fe0fcc3b139a9d2a696e673d3dcb9ae422846f195db81d1025b92289d9192996,292x292,,proc_burnt_tree (Charred Branch),yes,Charred-Branch,listed-in-extraction-metadata|used-by-proc_-brush-id,,,,,
assets/brushes/thumbnails/th-charcoal-soft.png,binary,39633,453b320cc301ae41a3124b8fb0b110376144a2a27dd5bfafa3e71778cff757fd,292x292,,proc_2b_compressed (2B Compressed) ; proc_6b_compressed (6B Compressed),yes,2B-Compressed ; 6B-Compressed,listed-in-extraction-metadata|used-by-proc_-brush-id,,,,,
assets/brushes/thumbnails/th-charcoal-whisp.png,binary,48262,0dc072a0cb11360a0d6ba0ce2121077068d65ea6af717d1e00065b5fadcb03ad,292x292,,proc_carbon_stick (Carbon Stick) ; proc_tawny (Amber Grain),yes,Amber-Grain ; Carbon-Stick,listed-in-extraction-metadata|used-by-proc_-brush-id,,,,,
assets/brushes/thumbnails/th-clay.png,binary,75153,a99b60d1e68c5772e2234b27d3e49c31fe73f55c9ac094c63686589a776c86ba,292x292,,proc_clay_feat (Clay) ; proc_clay (Clay),yes,Clay,listed-in-extraction-metadata|used-by-proc_-brush-id,,,,,
assets/brushes/thumbnails/th-clouds.png,binary,23996,959616508db4b5e1e6e47fac7f01047f03f1e826937e0012e502a46e1a1781de,292x292,Software=Adobe ImageReady; xmp:CreatorTool=Adobe Photoshop CS6 Macintosh; xmpMM:DocumentID=xmp.did:7D4AA4E4F27511E2AE64D32CCE8AC0F2; xmp:CreatorTool=Adobe Photoshop CS6 Macintosh; xmpMM:DocumentID=xmp.did:7D4AA4E4F27511E2AE64D32CCE8AC0F2,proc_clouds_feat (Clouds) ; proc_clouds (Clouds),yes,Clouds,listed-in-extraction-metadata|used-by-proc_-brush-id,,,,,
assets/brushes/thumbnails/th-cotton-paper.jpg,binary,40293,10cf6f458779764a2591215d3560648696cdf60ac994ed778207eace5fbc924d,292x292,xmp:CreatorTool=Adobe Photoshop CC 2019 (Macintosh); xmpMM:DocumentID=xmp.did:2A0211DE02DD11EA8099E890F9210EAF,proc_cotton (Cotton),yes,Cotton,listed-in-extraction-metadata|used-by-proc_-brush-id,,,,,
assets/brushes/thumbnails/th-crayon.png,binary,15966,d6c376b74d279bdcde3d94229c969aba888bb1ecbe9e6a60ed5b19e0b1a4f5f9,146x146,,proc_artist_crayon (Artist Crayon),yes,Artist-Crayon,listed-in-extraction-metadata|used-by-proc_-brush-id,,,,,
assets/brushes/thumbnails/th-crystal-shape.png,binary,26775,bab9e4af15164a1183bac64244686994d022e2841e7482630e840e339ec3382a,292x292,,proc_crystals (Crystals),yes,Crystals,listed-in-extraction-metadata|used-by-proc_-brush-id,,,,,
assets/brushes/thumbnails/th-cube.png,binary,3321,6e477656c204eaf0e4bfdf2ffb8adf9ce2cb0de3097bb2eba02d7727a24ed3d1,146x146,,proc_polygons (Polygons),yes,Polygons,listed-in-extraction-metadata|used-by-proc_-brush-id,,,,,
assets/brushes/thumbnails/th-cubes.png,binary,4719,38bd230a376e17aac18ced2b50903756809db3f00f9911995f2aec68dab75932,146x146,,proc_cubes (Cubes),yes,Cubes,listed-in-extraction-metadata|used-by-proc_-brush-id,,,,,
assets/brushes/thumbnails/th-diagonal.png,binary,5118,83f02e4152f160886b2bd4b7f410b3393cad1826fab5d6d388553aac41b09e09,146x146,,proc_diagonal (Diagonal),yes,Diagonal,listed-in-extraction-metadata|used-by-proc_-brush-id,,,,,
assets/brushes/thumbnails/th-directional-rain.png,binary,40152,eec19b85a2a7e87fa89571050ca67a307450c29eed060c95ab86d55130b02887,292x292,,proc_hard_rain (Hard Rain),yes,Hard-Rain,listed-in-extraction-metadata|used-by-proc_-brush-id,,,,,
assets/brushes/thumbnails/th-disco-ball.png,binary,8680,7311b5586b699be92209f83172f7db96af38f50c6a0ad8fdfdfd50eeb5030c8a,292x292,,proc_disco (Mirror Ball),yes,Mirror-Ball,listed-in-extraction-metadata|used-by-proc_-brush-id,,,,,
assets/brushes/thumbnails/th-distressed-stamp.jpg,binary,12438,0538f72acf7c9c8470a62e2eda6b2eb833948b90fa6fd92b07be74c2ba6e6d96,292x292,xmp:CreatorTool=Adobe Photoshop CC 2019 (Macintosh); xmpMM:DocumentID=xmp.did:91E208B202DE11EA8099E890F9210EAF,proc_peppermint (Mint Leaf) ; br_river_wash (River Wash),yes,Mint-Leaf ; River-Wash,listed-in-extraction-metadata|used-by-proc_-brush-id,,,,,
assets/brushes/thumbnails/th-drip-2.png,binary,4564,772fe70031d5768d86981f47c10a7ac70f8d4a22de93864bdcb3a1460917d6ce,292x292,,proc_water_drip (Water Drip),yes,Water-Drip,listed-in-extraction-metadata|used-by-proc_-brush-id,,,,,
assets/brushes/thumbnails/th-drip.png,binary,27538,d2e170e778792ae53d657306cc5d0cb8b360c64974a85b8da568474ba64e5546,292x292,,proc_drip (Drip),yes,Drip,listed-in-extraction-metadata|used-by-proc_-brush-id,,,,,
assets/brushes/thumbnails/th-dry-acrylic-wash.jpg,binary,29598,b3e6ce7b0a421bca870b1d455869cf85c2c329927cde93533001da1fad6ecf6c,292x292,xmp:CreatorTool=Adobe Photoshop CC 2019 (Macintosh); xmpMM:DocumentID=xmp.did:27BA21C602DD11EA8099E890F9210EAF,proc_wash (Wash),yes,Wash,listed-in-extraction-metadata|used-by-proc_-brush-id,,,,,
assets/brushes/thumbnails/th-fat.png,binary,50998,ef6ff71697f311c5c8e61c463a066dfc5cf33b868e19166caf4151bca5b8fb75,292x292,,proc_fat_nozzle (Fat Nozzle),yes,Fat-Nozzle,listed-in-extraction-metadata|used-by-proc_-brush-id,,,,,
assets/brushes/thumbnails/th-fine-hair.png,binary,7576,1267d9bb4bed3374a2cf7ffe32bd80df1a48c7c720fab249cfdf4baa3d0d416a,292x292,,proc_fine_hair (Fine Hair),yes,Fine-Hair,listed-in-extraction-metadata|used-by-proc_-brush-id,,,,,
assets/brushes/thumbnails/th-fine-spray.png,binary,56702,01a7b09482e4db31123ace605a54fbf3dce85263a1f6be14bbf763b6b4ee8a1e,292x292,,proc_medium_nozzle (Medium Nozzle),yes,Medium-Nozzle,listed-in-extraction-metadata|used-by-proc_-brush-id,,,,,
assets/brushes/thumbnails/th-flare.png,binary,8495,e99afb3cfe43731098038cc1cc7b9045404506321b8ce6b37ff5874794bba52e,292x292,,proc_flare (Flare),yes,Flare,listed-in-extraction-metadata|used-by-proc_-brush-id,,,,,
assets/brushes/thumbnails/th-flat-brush.png,binary,15744,e589ecbbd1872f9e06ccb07e09f67801360a1ab7f35f208736a2733cb1ed6e69,146x146,,proc_flat_brush (Flat Brush) ; proc_jagged_brush (Jagged Brush) ; proc_turpentine (Turpentine),yes,Flat-Brush ; Jagged-Brush ; Turpentine,listed-in-extraction-metadata|used-by-proc_-brush-id,,,,,
assets/brushes/thumbnails/th-flicks.png,binary,8010,c69c85259d8349dc9fa49b85a64acc1cfcb53c7ecd3ab872c4ab4541fced1d26,292x292,,proc_flicks (Flicks),yes,Flicks,listed-in-extraction-metadata|used-by-proc_-brush-id,,,,,
assets/brushes/thumbnails/th-flower.png,binary,6855,fcda0d71c84341cfa3edf8edb853a37314ed5bd660b5e66002d8b7a44d86ca0d,292x292,,proc_flower_power (Bloom),yes,Bloom,listed-in-extraction-metadata|used-by-proc_-brush-id,,,,,
assets/brushes/thumbnails/th-flowing.png,binary,14861,1644fcf7a9951c657a2263791eeaa8aea54583feebda38759dbc9f399f2717c1,292x292,,proc_flowing_hair (Flowing Hair),yes,Flowing-Hair,listed-in-extraction-metadata|used-by-proc_-brush-id,,,,,
assets/brushes/thumbnails/th-garden-bush.jpg,binary,14893,c7feef0236f4a253405025794fd5c1658e127e1c71ebbc26cfc8f32d4d60e3ba,292x292,xmp:CreatorTool=Adobe Photoshop CC 2019 (Macintosh); xmpMM:DocumentID=xmp.did:91E208AE02DE11EA8099E890F9210EAF,proc_rainforest (Canopy),yes,Canopy,listed-in-extraction-metadata|used-by-proc_-brush-id,,,,,
assets/brushes/thumbnails/th-garden-grass.jpg,binary,17817,511c29ab6d1be549e059499367951ec82b4ed1b53bac2d1c12f8a282546411e0,292x292,xmp:CreatorTool=Adobe Photoshop CC 2019 (Macintosh); xmpMM:DocumentID=xmp.did:91041B7702DE11EA8099E890F9210EAF,proc_swordgrass (Blade Grass),yes,Blade-Grass,listed-in-extraction-metadata|used-by-proc_-brush-id,,,,,
assets/brushes/thumbnails/th-garden-gum.jpg,binary,14391,a29881113ec4157110e52e629790ae4e3bb867a2cd270f98d36912de29e92765,292x292,xmp:CreatorTool=Adobe Photoshop CC 2019 (Macintosh); xmpMM:DocumentID=xmp.did:91041B7302DE11EA8099E890F9210EAF,proc_paper_daisy (Petal Dot),yes,Petal-Dot,listed-in-extraction-metadata|used-by-proc_-brush-id,,,,,
assets/brushes/thumbnails/th-garden-leaf.jpg,binary,6552,37c91acf4333d1ffc7da3f5d09aac0ff593a6bf39626f2c83c67f1d3d65362e3,292x292,xmp:CreatorTool=Adobe Photoshop CC 2019 (Macintosh); xmpMM:DocumentID=xmp.did:91041B6F02DE11EA8099E890F9210EAF,proc_snow_gum (Pale Bark),yes,Pale-Bark,listed-in-extraction-metadata|used-by-proc_-brush-id,,,,,
assets/brushes/thumbnails/th-garden-rocks.jpg,binary,23259,e1029b1c4c2fd2c1db8bd80ea45db3710bc83c6ef797bbb7f7a76ccfe620a50b,292x292,xmp:CreatorTool=Adobe Photoshop CC 2019 (Macintosh); xmpMM:DocumentID=xmp.did:9028457E02DE11EA8099E890F9210EAF,proc_spires (Ridge Line),yes,Ridge-Line,listed-in-extraction-metadata|used-by-proc_-brush-id,,,,,
assets/brushes/thumbnails/th-gloop.png,binary,3686,a8175c2e083be9432aabac8292a2674ca417a04e049cbb39da2f0a88c0036871,292x292,,proc_groovy (Retro Wave),yes,Retro-Wave,listed-in-extraction-metadata|used-by-proc_-brush-id,,,,,
assets/brushes/thumbnails/th-gouache-drop-2.jpg,binary,12466,5c87e32ba6ebcc24a8c003aa24a7c59f2b55d1bcaab4e604b44640a9f959eb5e,292x292,xmp:CreatorTool=Adobe Photoshop CC 2019 (Macintosh); xmpMM:DocumentID=xmp.did:9028457A02DE11EA8099E890F9210EAF,proc_gouache (Gouache) ; proc_tarkine (Old Growth) ; br_feather_ink (Feather Ink) ; br_still_water (Still Water),yes,Feather-Ink ; Gouache ; Old-Growth ; Still-Water,listed-in-extraction-metadata|used-by-proc_-brush-id,,,,,
assets/brushes/thumbnails/th-gouache-splash.jpg,binary,12966,ffd6c7c5eeb9cda09359fa4b1af6634f6559660966cfdc0eac62f7cff366c7c4,292x292,xmp:CreatorTool=Adobe Photoshop CC 2019 (Macintosh); xmpMM:DocumentID=xmp.did:8F94F99502DE11EA8099E890F9210EAF,br_granite_wash (Granite Wash),yes,Granite-Wash,listed-in-extraction-metadata,,,,,
assets/brushes/thumbnails/th-gouache-splatter-2.jpg,binary,15982,e0f5ffdd168b8816c082465eba757228d3c170c9d76abcb876544d08c37eb4b3,292x292,xmp:CreatorTool=Adobe Photoshop CC 2019 (Macintosh); xmpMM:DocumentID=xmp.did:8EBB076402DE11EA8099E890F9210EAF,proc_splatter (Splatter),yes,Splatter,listed-in-extraction-metadata|used-by-proc_-brush-id,,,,,
assets/brushes/thumbnails/th-gouache-streak.jpg,binary,16518,c3f25e6c6404ef8c68fb2405fd3a8811137bd3d5a02615dcf83aad294bc7a535,292x292,xmp:CreatorTool=Adobe Photoshop CC 2019 (Macintosh); xmpMM:DocumentID=xmp.did:8DC79B9702DE11EA8099E890F9210EAF,br_rect_grid (Rect Grid),yes,Rect-Grid,listed-in-extraction-metadata,,,,,
assets/brushes/thumbnails/th-grid.png,binary,3079,7cb0da39b81414e7b1cb174e70ff8cb997e528ad80bd80511820f5a19cffeb59,146x146,,proc_grid (Grid),yes,Grid,listed-in-extraction-metadata|used-by-proc_-brush-id,,,,,
assets/brushes/thumbnails/th-grunge.png,binary,20031,b0865b7e3426162904ecbe5b15195c235d243441a3476c5010b126a010f1e123,146x146,,proc_grunge (Grunge),yes,Grunge,listed-in-extraction-metadata|used-by-proc_-brush-id,,,,,
assets/brushes/thumbnails/th-haggard-oval.jpg,binary,10553,427a46ef55abd095697b28eaaa1f8100cb9d2f94a5c3d8a3566e4465fb97368f,292x292,xmp:CreatorTool=Adobe Photoshop CC 2019 (Macintosh); xmpMM:DocumentID=xmp.did:8DC79B9302DE11EA8099E890F9210EAF,br_leather_grain (Leather Grain),yes,Leather-Grain,listed-in-extraction-metadata,,,,,
assets/brushes/thumbnails/th-hard.png,binary,1119,79ebc1618cb045267fcde237bca5b759dfd515e79452a853633c45e90436344a,146x146,,proc_limestone_feat (Limestone) ; proc_round_brush (Round Brush) ; proc_monoline (Monoline) ; proc_hard_brush (Hard Brush) ; proc_hard_blend (Hard Blend) ; proc_hard_airbrush (Hard Airbrush),yes,Hard-Airbrush ; Hard-Blend ; Hard-Brush ; Monoline ; Round-Brush,listed-in-extraction-metadata|used-by-proc_-brush-id,,,,,
assets/brushes/thumbnails/th-hessian.png,binary,9142,a9fd03ac90d52e751c869d750659022aa84f78b0f66ae2416369b08f34decd85,292x292,,proc_hessian (Hessian),yes,Hessian,listed-in-extraction-metadata|used-by-proc_-brush-id,,,,,
assets/brushes/thumbnails/th-hex.png,binary,1560,bbfb8b4cfdabd97443211bbb537fab6bc19ac93dd1f11a42430c79da019497df,146x146,,br_hex_grid (Hex Grid),yes,Hex-Grid,listed-in-extraction-metadata,,,,,
assets/brushes/thumbnails/th-infrared-oil.jpg,binary,15459,4d44740a08213efb70889614037583bb059db6177ec06429d9b407d21328e6ad,292x292,xmp:CreatorTool=Adobe Photoshop CC 2019 (Macintosh); xmpMM:DocumentID=xmp.did:8CC448E202DE11EA8099E890F9210EAF,proc_spectra (Prism),yes,Prism,listed-in-extraction-metadata|used-by-proc_-brush-id,,,,,
assets/brushes/thumbnails/th-ink-dry.png,binary,12176,6a37309c3f045e25efceffec98698237cfc608dbdfcaa242718dcc7f508bc3f5,146x146,,proc_dry_ink_feat (Dry Ink) ; br_deep_ink (Deep Ink) ; br_deep_ink_2 (Deep Ink),yes,Deep-Ink,listed-in-extraction-metadata|used-by-proc_-brush-id,,,,,
assets/brushes/thumbnails/th-ink-mess.png,binary,14979,f08fd7effd294ff53d900702293bc52bcb0240d7099ecb6ef6d08221ba3eec1a,146x146,,proc_water_pen (Water Pen),yes,Water-Pen,listed-in-extraction-metadata|used-by-proc_-brush-id,,,,,
assets/brushes/thumbnails/th-ink-sponge.png,binary,11844,63cc3378a19c46e76794d748a73fbd908337c4f33ee71cab0588b78a74cbcac2,146x146,,proc_technical_pencil (Technical Pencil) ; proc_oil_paint (Oil Paint) ; proc_damp_brush (Damp Brush),yes,Damp-Brush ; Oil-Paint ; Technical-Pencil,listed-in-extraction-metadata|used-by-proc_-brush-id,,,,,
assets/brushes/thumbnails/th-ink.png,binary,13538,dd98ecf90236b15857fa73d03176a0be9001f633fa2be7c0ce22fa9d721eb84e,146x146,,proc_artify_pencil (Artify Pencil) ; proc_marker (Marker) ; proc_oriental_brush (East Asian Brush),yes,Artify-Pencil ; East-Asian-Brush ; Marker,listed-in-extraction-metadata|used-by-proc_-brush-id,,,,,
assets/brushes/thumbnails/th-ink2.png,binary,11930,99a74c0810898cf2fd13b754d3f4199719a56dbc87d2066203a98f667b23921f,146x146,,proc_ink_bleed (Ink Bleed) ; proc_watercolor (Watercolor),yes,Ink-Bleed ; Watercolor,listed-in-extraction-metadata|used-by-proc_-brush-id,,,,,
assets/brushes/thumbnails/th-intense-water.png,binary,39206,116d58baf93bb34b4f75e501529c2b0d0ec69026b5ab41fc428df81444303b07,292x292,,proc_blotchy (Blotchy),yes,Blotchy,listed-in-extraction-metadata|used-by-proc_-brush-id,,,,,
assets/brushes/thumbnails/th-lattice.png,binary,8940,80eb48d951412b20e0c0ba85b1e19b2b11478758e5c3625e0808179cdee5b49a,292x292,,proc_buzzz (Buzz Line),yes,Buzz-Line,listed-in-extraction-metadata|used-by-proc_-brush-id,,,,,
assets/brushes/thumbnails/th-lightning.png,binary,3440,68d6ae757087646226510a70e5ca9c3855e1f8719b18def6441984638583b8f5,292x292,,proc_bolt (Bolt),yes,Bolt,listed-in-extraction-metadata|used-by-proc_-brush-id,,,,,
assets/brushes/thumbnails/th-liquid-lines.jpg,binary,21822,7e363c9acfe2d3ca3283905f1df4118eaeef3cd9caf775bd22aa429291109ca0,292x292,xmp:CreatorTool=Adobe Photoshop CC 2019 (Macintosh); xmpMM:DocumentID=xmp.did:8CC448DE02DE11EA8099E890F9210EAF,br_bark_grain (Bark Grain),yes,Bark-Grain,listed-in-extraction-metadata,,,,,
assets/brushes/thumbnails/th-medium-hard.png,binary,4338,d15fe576adcc90d0fc088da16acc77c8e8848ba1af88a165a9bc443e4c059772,146x146,,proc_volcanic_ash_feat (Volcanic Ash) ; proc_gel_pen (Gel Pen) ; proc_studio_pen (Precision Pen) ; proc_script (Script) ; proc_medium_hard_brush (Medium Hard Brush) ; proc_medium_hard_blend (Medium Hard Blend) ; proc_medium_hard_airbrush (Medium Hard Airbrush) ; proc_rosette (Rosette) ; br_soft_wash (Soft Wash) ; br_wattle_dot (Wattle Dot),yes,Gel-Pen ; Medium-Hard-Airbrush ; Medium-Hard-Blend ; Medium-Hard-Brush ; Precision-Pen ; Rosette ; Script ; Soft-Wash ; Wattle-Dot,listed-in-extraction-metadata|used-by-proc_-brush-id,,,,,
assets/brushes/thumbnails/th-medium.png,binary,3976,ddd3798b0447b541d7247ae4198c9dd008285d9967deeb58799c6799479cc2df,146x146,,proc_palm_husk_feat (Palm Husk) ; proc_medium_brush (Medium Brush) ; proc_medium_blend (Medium Blend) ; proc_medium_airbrush (Medium Airbrush) ; proc_decimals (Dot Matrix) ; proc_fever (Heat Haze) ; proc_newsprint (Newsprint) ; proc_concrete_block (Concrete Block) ; br_chalk_stick_2 (Chalk Stick) ; proc_signature (Signature),yes,Chalk-Stick ; Concrete-Block ; Dot-Matrix ; Heat-Haze ; Medium-Airbrush ; Medium-Blend ; Medium-Brush ; Newsprint ; Signature,listed-in-extraction-metadata|used-by-proc_-brush-id,,,,,
assets/brushes/thumbnails/th-membrane.png,binary,7670,09186294feee8a0a9a59a16dd566a5cdc81a2ceca0f905a29e6270944876903a,146x146,,proc_membrane (Cell Wall),yes,Cell-Wall,listed-in-extraction-metadata|used-by-proc_-brush-id,,,,,
assets/brushes/thumbnails/th-mess-2.png,binary,12623,a90976ba7dae6638708d83e1cc50e6d50a9676109fd79e0eb4e988f24415fa3d,146x146,,proc_wet_acrylic (Wet Acrylic) ; proc_wasteland (Barren) ; proc_twisted_tree (Gnarled Branch) ; proc_rusted_decay (Rust),yes,Barren ; Gnarled-Branch ; Rust ; Wet-Acrylic,listed-in-extraction-metadata|used-by-proc_-brush-id,,,,,
assets/brushes/thumbnails/th-mess.png,binary,12606,ae05a74dba7af7e31ff63d159c8ded677c980eadf51af07e4799a4c403d7d943,292x292,,proc_hemp (Hemp),yes,Hemp,listed-in-extraction-metadata|used-by-proc_-brush-id,,,,,
assets/brushes/thumbnails/th-neblua.png,binary,44801,92551e3aa89ee01b0dbe660be8499221aaa05f257ebf10a4bc1cbb55ad8817cd,292x292,,proc_nebula (Star Cloud),yes,Star-Cloud,listed-in-extraction-metadata|used-by-proc_-brush-id,,,,,
assets/brushes/thumbnails/th-oil-dab.jpg,binary,8409,aa59023e9057bbd04b6184d4c075633b8ea06941c28c339fc701ab9e77695b7a,292x292,xmp:CreatorTool=Adobe Photoshop CC 2019 (Macintosh); xmpMM:DocumentID=xmp.did:8CC448DA02DE11EA8099E890F9210EAF,br_spotted_grain (Spotted Grain),yes,Spotted-Grain,listed-in-extraction-metadata,,,,,
assets/brushes/thumbnails/th-oil-dash-2.jpg,binary,9455,b6119901c2edcaaebdce70c8cdcb494e51b3bb7cc23536e38149f121a155930a,292x292,xmp:CreatorTool=Adobe Photoshop CC 2019 (Macintosh); xmpMM:DocumentID=xmp.did:8C0C858502DE11EA8099E890F9210EAF,br_alpine_grain (Alpine Grain),yes,Alpine-Grain,listed-in-extraction-metadata,,,,,
assets/brushes/thumbnails/th-oil-dash-3.jpg,binary,12918,2c97725fd7998fe6c728c9d9703053382ab95585068c96ad6c44843b5ecace3e,292x292,xmp:CreatorTool=Adobe Photoshop CC 2019 (Macintosh); xmpMM:DocumentID=xmp.did:8C0C858102DE11EA8099E890F9210EAF,br_cascade (Cascade) ; br_metallic_cascade (Metallic Cascade),yes,Cascade ; Metallic-Cascade,listed-in-extraction-metadata,,,,,
assets/brushes/thumbnails/th-oil-pastel.png,binary,17559,ad61c5e5900d36af7038235691d84e213e4e9182018ff5bd956a8a975e9354f4,146x146,,proc_oil_pastel (Oil Pastel),yes,Oil-Pastel,listed-in-extraction-metadata|used-by-proc_-brush-id,,,,,
assets/brushes/thumbnails/th-orbs.png,binary,8760,5dde7d9ad97c464ce2cc1469784c7d49d6fec07d3047f92e68f2899318288870,292x292,,proc_styx (Deep Current) ; proc_twig (Twig),yes,Deep-Current ; Twig,listed-in-extraction-metadata|used-by-proc_-brush-id,,,,,
assets/brushes/thumbnails/th-oval.png,binary,1096,430b37364a5055475db5c89bb9397bb69f98e1a3d5e7335ec58238d235df0746,146x146,,proc_brush_pen (Brush Pen),yes,Brush-Pen,listed-in-extraction-metadata|used-by-proc_-brush-id,,,,,
assets/brushes/thumbnails/th-paint-dab-1.png,binary,26714,b1be417d1080c265f51351366858c49863c87c11d16fe4475e215c4ed55b7fee,292x292,Software=Adobe ImageReady; xmp:CreatorTool=Adobe Photoshop CC 2017 (Macintosh); xmpMM:DocumentID=xmp.did:5A5BE7706ACA11E787FEC83064E5B12F; xmp:CreatorTool=Adobe Photoshop CC 2017 (Macintosh); xmpMM:DocumentID=xmp.did:5A5BE7706ACA11E787FEC83064E5B12F,proc_chalk (Chalk) ; proc_shale_brush (Shale Brush),yes,Chalk ; Shale-Brush,listed-in-extraction-metadata|used-by-proc_-brush-id,,,,,
assets/brushes/thumbnails/th-pastel-board-wash.jpg,binary,26502,eccfedb2fd4d308ae338ec281b6d5c40b98034350b497db171ed8ce02e11e0e1,292x292,xmp:CreatorTool=Adobe Photoshop CC 2019 (Macintosh); xmpMM:DocumentID=xmp.did:1FB0CC7302DD11EA8099E890F9210EAF,br_striped_grain (Striped Grain),yes,Striped-Grain,listed-in-extraction-metadata,,,,,
assets/brushes/thumbnails/th-pen-glow.png,binary,11703,ee96f495e4e0ed33ef14a8796a55569afd67a55468f07dc1ed330a708fa7add0,292x292,,proc_lightpen (Lightpen),yes,Lightpen,listed-in-extraction-metadata|used-by-proc_-brush-id,,,,,
assets/brushes/thumbnails/th-recycled-paper.png,binary,154490,b6d24ca262647cc798801c5f350867a651fd4e9b4e23efe16bfb13e34a2c880b,292x292,,br_sketch_pencil (Sketch Pencil),yes,Sketch-Pencil,listed-in-extraction-metadata,,,,,
assets/brushes/thumbnails/th-reed.png,binary,45124,8021cfc175b3e0164805c6eba72edce4004afaacdd921030c6d4f718b275e247,292x292,,proc_reed (Reed),yes,Reed,listed-in-extraction-metadata|used-by-proc_-brush-id,,,,,
assets/brushes/thumbnails/th-reticles.png,binary,4503,87bedd0ce6374154f0b4fae0d56901e61a9ccb0077df3a0cc46c1253470223db,146x146,,proc_opticon (Optic Flare),yes,Optic-Flare,listed-in-extraction-metadata|used-by-proc_-brush-id,,,,,
assets/brushes/thumbnails/th-rust-2.png,binary,20918,d6ce63a9c2a2f3a9e5efe374e7769462bf3788db90d0e58afd63675eb796820d,292x292,,proc_heavy_metal (Steel Edge),yes,Steel-Edge,listed-in-extraction-metadata|used-by-proc_-brush-id,,,,,
assets/brushes/thumbnails/th-scribble-2.png,binary,2265,d60980449f488e32bf26a3f89b2dba24251afd5c9c7e08fe48be701145594e83,146x146,,proc_marble (Marble),yes,Marble,listed-in-extraction-metadata|used-by-proc_-brush-id,,,,,
assets/brushes/thumbnails/th-scribble.png,binary,13856,2c7195dea8146968c823b8d8f8f1dd38320d7d38ab9221b6bb4f15d137da7140,292x292,,proc_hb_pencil (HB Pencil),yes,HB-Pencil,listed-in-extraction-metadata|used-by-proc_-brush-id,,,,,
assets/brushes/thumbnails/th-seashell.jpg,binary,16334,f128f72a6e28b5a9635733884ebe68ba4c3fa415c36a13d119c58daf18514221,292x292,xmp:CreatorTool=Adobe Photoshop CC 2019 (Macintosh); xmpMM:DocumentID=xmp.did:8AE9783802DE11EA8099E890F9210EAF,proc_storm_bay (Storm Wash),yes,Storm-Wash,listed-in-extraction-metadata|used-by-proc_-brush-id,,,,,
assets/brushes/thumbnails/th-short-hair.png,binary,11058,1b3987906732a965d5135f20be21dfcec9d147f4dc3df6c63b22ec7d0cb7249a,292x292,,proc_short_hair (Short Hair),yes,Short-Hair,listed-in-extraction-metadata|used-by-proc_-brush-id,,,,,
assets/brushes/thumbnails/th-simple-blotch.jpg,binary,13203,bdda57808dc7c47691cc061a4479fa0484168ab7a1ee0a27bc4ede4559c79ce3,292x292,xmp:CreatorTool=Adobe Photoshop CC 2019 (Macintosh); xmpMM:DocumentID=xmp.did:8AE9783402DE11EA8099E890F9210EAF,proc_aurora_feat (Polar Glow) ; proc_aurora (Polar Glow),yes,Polar-Glow,listed-in-extraction-metadata|used-by-proc_-brush-id,,,,,
assets/brushes/thumbnails/th-simple-leaf.jpg,binary,4836,936f45a52b5700b46c80b830fe86ef59dbe4876e7b84c84e70dab6f6a21b5ad7,292x292,xmp:CreatorTool=Adobe Photoshop CC 2019 (Macintosh); xmpMM:DocumentID=xmp.did:89D900E702DE11EA8099E890F9210EAF,proc_syrup_feat (Thick Ink) ; br_ink_nib (Ink Nib) ; proc_syrup (Thick Ink),yes,Ink-Nib ; Thick-Ink,listed-in-extraction-metadata|used-by-proc_-brush-id,,,,,
assets/brushes/thumbnails/th-slim-oval.png,binary,11586,7e5e9731d1b389c3ad404ba62418c4d6012a2e0d1b92cbe9ce066095c73b7e84,292x292,xmp:CreatorTool=Adobe Photoshop CC 2018 (Macintosh); xmpMM:DocumentID=xmp.did:2E01107ECB3F11E89E4EFC1D67551444; xmp:CreatorTool=Adobe Photoshop CC 2018 (Macintosh); xmpMM:DocumentID=xmp.did:2E01107ECB3F11E89E4EFC1D67551444,br_studio_ink (Studio Ink),yes,Studio-Ink,listed-in-extraction-metadata,,,,,
assets/brushes/thumbnails/th-soft.png,binary,5572,219f203b7ceed558d1aa7517e3ef39266f3fe7e440485bd2ae194e39749c0150,146x146,,proc_soft_brush (Soft Brush) ; proc_soft_airbrush (Soft Airbrush) ; proc_victorian (Ornate) ; proc_water (Water) ; proc_oceans (Oceans) ; proc_driven_snow (Snow Drift) ; br_island_grain (Island Grain) ; proc_noise_brush (Noise Brush) ; proc_old_skin (Aged Skin) ; proc_rough_skin (Rough Skin) ; proc_zombie_skin (Cracked Skin) ; proc_pulse (Pulse) ; proc_lightleak (Lightleak) ; proc_caged (Cage Grid) ; proc_corrugated_iron (Corrugated Iron),yes,Aged-Skin ; Cage-Grid ; Corrugated-Iron ; Cracked-Skin ; Island-Grain ; Lightleak ; Noise-Brush ; Oceans ; Ornate ; Pulse ; Rough-Skin ; Snow-Drift ; Soft-Airbrush ; Soft-Brush ; Water,listed-in-extraction-metadata|used-by-proc_-brush-id,,,,,
assets/brushes/thumbnails/th-solid-rectangles.jpg,binary,3717,a49e544aed814d24a8f7263d5748ba7ee53d1afdb096ce413fa23fe1fc3986e4,292x292,xmp:CreatorTool=Adobe Photoshop CC 2019 (Macintosh); xmpMM:DocumentID=xmp.did:89D900E302DE11EA8099E890F9210EAF,proc_stickman (Figure),yes,Figure,listed-in-extraction-metadata|used-by-proc_-brush-id,,,,,
assets/brushes/thumbnails/th-spike.png,binary,785,8ddd36ff767b0b6852ca86dbaedce33f1ad92e051772acb7a2c606c84c57aa5b,146x146,,br_needle_dot (Needle Dot),yes,Needle-Dot,listed-in-extraction-metadata,,,,,
assets/brushes/thumbnails/th-splash-1.png,binary,14751,25038a66a38447eae325ef45d65d9ad2b4a07d1d36c3876c10bef629c5a718e3,292x292,,proc_mad_splashes (Wild Splash),yes,Wild-Splash,listed-in-extraction-metadata|used-by-proc_-brush-id,,,,,
assets/brushes/thumbnails/th-square-dots.png,binary,13237,2b8e4fb20614c0be4908b26448a9cbb5e167362748dd2789f876199d01d24454,146x146,,proc_stucco (Stucco),yes,Stucco,listed-in-extraction-metadata|used-by-proc_-brush-id,,,,,
assets/brushes/thumbnails/th-star.png,binary,20332,e6b871b78e177cb504b99dac23731a8ff587d8e727fec062f72f8912dc4fd5ac,292x292,,proc_glimmer (Shimmer),yes,Shimmer,listed-in-extraction-metadata|used-by-proc_-brush-id,,,,,
assets/brushes/thumbnails/th-stone-wall.png,binary,76627,4e983555d140dd4bfc204e1e7a55e9a88174815d116dce914ccd63bfffd2596f,292x292,,proc_stone_wall (Stone Wall),yes,Stone-Wall,listed-in-extraction-metadata|used-by-proc_-brush-id,,,,,
assets/brushes/thumbnails/th-streaky.png,binary,24286,04db611a00ec414ee1ff034e17ad086ae3cfdd8cd5ae093063da3fb5043a75fa,292x292,Software=Adobe ImageReady; xmp:CreatorTool=Adobe Photoshop CC 2017 (Macintosh); xmpMM:DocumentID=xmp.did:BB7F0F266ACA11E787FEC83064E5B12F; xmp:CreatorTool=Adobe Photoshop CC 2017 (Macintosh); xmpMM:DocumentID=xmp.did:BB7F0F266ACA11E787FEC83064E5B12F,proc_streaks (Streaks),yes,Streaks,listed-in-extraction-metadata|used-by-proc_-brush-id,,,,,
assets/brushes/thumbnails/th-stubble.png,binary,4896,01210398aafd0646f9161e9c00bc745f219a3d7030d3d5cbe416fa57bbba3bdc,292x292,,proc_stubble (Stubble),yes,Stubble,listed-in-extraction-metadata|used-by-proc_-brush-id,,,,,
assets/brushes/thumbnails/th-synthetic-round.png,binary,5869,bbfed2287522896a32186027cf5a185eb28edb75f27a2f5673373e6d8c74792a,146x146,,proc_bamboo (Bamboo),yes,Bamboo,listed-in-extraction-metadata|used-by-proc_-brush-id,,,,,
assets/brushes/thumbnails/th-tendril.png,binary,14290,7d30f164175b3a5fbdff31ae57b2f4406ec3456887d9970ac20f3cf6fb8be007,292x292,,proc_flames (Flames),yes,Flames,listed-in-extraction-metadata|used-by-proc_-brush-id,,,,,
assets/brushes/thumbnails/th-tentacle.png,binary,8307,75713b66608a23ebf4f0724e0ebd92c9063c54742ff1e26d65506804b9b11162,292x292,,proc_smoke (Smoke),yes,Smoke,listed-in-extraction-metadata|used-by-proc_-brush-id,,,,,
assets/brushes/thumbnails/th-tessellated.jpg,binary,53270,7fd08b64d6cad3587b4289b5c2daf9116fe39962ae4dd629c6f916c8dc14e727,292x292,xmp:CreatorTool=Adobe Photoshop CC 2019 (Macintosh); xmpMM:DocumentID=xmp.did:1885AC5202DD11EA8099E890F9210EAF,proc_tessellated (Tessellated),yes,Tessellated,listed-in-extraction-metadata|used-by-proc_-brush-id,,,,,
assets/brushes/thumbnails/th-torn.png,binary,5330,f36bb902f7c9ef03f345ff4da3e9690dca0e2e9928df94704fa1eb7afb545bb6,292x292,,proc_rad (Radiant),yes,Radiant,listed-in-extraction-metadata|used-by-proc_-brush-id,,,,,
assets/brushes/thumbnails/th-tri-grid.png,binary,1835,cc53a235e4013a1b6c02dea1af163282c782f4d190071ff9523329e9eec4acb6,146x146,,br_tri_grid (Tri Grid),yes,Tri-Grid,listed-in-extraction-metadata,,,,,
assets/brushes/thumbnails/th-ultra-soft-2.png,binary,20758,bfffc4080f327c769071715c9f0c8ee6f58adc8130e33c18bba7c8db3bad5e37,292x292,Software=Adobe ImageReady; xmp:CreatorTool=Adobe Photoshop CC 2017 (Macintosh); xmpMM:DocumentID=xmp.did:1A0A988F6B0C11E787FEC83064E5B12F; xmp:CreatorTool=Adobe Photoshop CC 2017 (Macintosh); xmpMM:DocumentID=xmp.did:1A0A988F6B0C11E787FEC83064E5B12F,proc_fine_tip (Fine Tip) ; proc_soft_blend (Soft Blend),yes,Fine-Tip ; Soft-Blend,listed-in-extraction-metadata|used-by-proc_-brush-id,,,,,
assets/brushes/thumbnails/th-ultra-soft.png,binary,42240,dc8970af1bf5ec5b540d04ee00b39588f856d0103938fb481adad69d1ee4eb70,292x292,,proc_ultrafine_nozzle (Ultrafine Nozzle),yes,Ultrafine-Nozzle,listed-in-extraction-metadata|used-by-proc_-brush-id,,,,,
assets/brushes/thumbnails/th-water-bleed-2.png,binary,49741,4a5d1cda976a09f5a487bc694bcf8fc3ffa04209d6ffb2f2cd3e6def0d1f25fd,292x292,,proc_fresco (Fresco),yes,Fresco,listed-in-extraction-metadata|used-by-proc_-brush-id,,,,,
assets/brushes/thumbnails/th-water-bleed.png,binary,32111,206996ba4cb5c53a33723900dafaded794d81372e3d6b51f0bb5a982c8fa2fdb,292x292,,proc_water_bleed (Water Bleed),yes,Water-Bleed,listed-in-extraction-metadata|used-by-proc_-brush-id,,,,,
assets/brushes/thumbnails/th-water-blotch-1.png,binary,34163,28ac33e3e2d872126f69adc56d9663e1f4e354c19c0b088a579612bb52da92b0,292x292,,proc_wild_light (Flare Burst) ; proc_wet_glaze (Wet Glaze) ; proc_water_brush (Water Brush),yes,Flare-Burst ; Water-Brush ; Wet-Glaze,listed-in-extraction-metadata|used-by-proc_-brush-id,,,,,
assets/brushes/thumbnails/th-water-blotch-2.png,binary,37989,934b2bda9b20abd8ae782b4d83e151db54538bae285449c28ee61260e512a2ee,292x292,,proc_sable (Sable),yes,Sable,listed-in-extraction-metadata|used-by-proc_-brush-id,,,,,
assets/brushes/thumbnails/th-water-flicks.png,binary,16191,a2d0b57582e1ecbb60cb8a3599d50955787461bbe458d51a0eedae2651a64ac2,292x292,,proc_water_flicks (Water Flicks),yes,Water-Flicks,listed-in-extraction-metadata|used-by-proc_-brush-id,,,,,
assets/brushes/thumbnails/th-waveform.png,binary,1557,f1e919f535622585342c5e1f4c0891c072c4d7dc80046f014fe3e4cafddd6547,146x146,,proc_waveform (Waveform),yes,Waveform,listed-in-extraction-metadata|used-by-proc_-brush-id,,,,,
assets/brushes/thumbnails/th-weary-dots.jpg,binary,8932,092c733fed6c6635d6abfdc543156dc9f61ec7d0d03db161737334cc810805d0,292x292,xmp:CreatorTool=Adobe Photoshop CC 2019 (Macintosh); xmpMM:DocumentID=xmp.did:69FD6CD602DD11EA8099E890F9210EAF,br_copper_line (Copper Line),yes,Copper-Line,listed-in-extraction-metadata,,,,,
assets/brushes/thumbnails/th-wildgrass.jpg,binary,27247,f673bcbafd10b56bc2054ccc720d70ebbcb3fc52449b7b47d6615a43a6413b7a,292x292,xmp:CreatorTool=Adobe Photoshop CC 2019 Macintosh; xmpMM:DocumentID=xmp.did:AB8D349E074E11EA876ABF018733F14C,proc_wildgrass (Wildgrass),yes,Wildgrass,listed-in-extraction-metadata|used-by-proc_-brush-id,,,,,
assets/brushes/thumbnails/th-willow.png,binary,48218,230e917e75744e37fdadc5bb077da509950e2649535a790a4b4c2cab2ed75c3c,292x292,,proc_willow_charcoal (Willow Charcoal),yes,Willow-Charcoal,listed-in-extraction-metadata|used-by-proc_-brush-id,,,,,
assets/brushes/thumbnails/th-wood.png,binary,13614,71f376e43398e867bd423bcca4a0578a78c4ee748f9849ff22342a11a3d9cbb8,146x146,,proc_wood (Wood),yes,Wood,listed-in-extraction-metadata|used-by-proc_-brush-id,,,,,
assets/brushes/tx-acrylic-stamp-shape.png,binary,1120388,fb1c228a978af58c2c086023e879a76f116fadb26b998eabc74ee16fffbb6c2a,2048x2048,,,no,,not-referenced-by-code,,,,,
assets/brushes/tx-arabic-diwani-shape.png,binary,8575,0a43360178d97c4b0a05c1bd061ea0b9ea662e8b67ece99c7b9f326a03ab7d20,800x800,,,no,,arabic-pack-shape-origin-unverified|not-referenced-by-code,,,,,
assets/brushes/tx-arabic-ruqah-shape.png,binary,8575,0a43360178d97c4b0a05c1bd061ea0b9ea662e8b67ece99c7b9f326a03ab7d20,800x800,,,no,,arabic-pack-shape-origin-unverified|not-referenced-by-code,,,,,
assets/brushes/tx-bokeh-shape.png,binary,62537,76fba6e02efb964b8a23960feca08bc0cead3cb7869656e9b607b238a9fb46fa,1024x1024,,,no,,not-referenced-by-code,,,,,
assets/brushes/tx-charcoal-6b-shape.jpg,binary,314523,9d2ccac218f325622c1e1553353618c359b9ad951af13d574ff8624a7c4f4999,1024x1024,,,no,,not-referenced-by-code,,,,,
assets/brushes/tx-charcoal-block-shape.jpg,binary,131264,43e06b262213693821bcfcbfde787ecd1e659ca2bd7ea2176eaa96105c2bf9fd,1024x1024,,,no,,not-referenced-by-code,,,,,
assets/brushes/tx-gouache-grain.png,binary,783052,a6e24b439e432fa556f6353087963c6ad4f915913f70be885e581a29fe12e8b3,1024x1024,,,no,,not-referenced-by-code,,,,,
assets/brushes/tx-limestone-shape-2.png,binary,243985,e623af58d4b5106f293e1857d8b25ca4832a1de88c2445714817e2e1ac96f2c2,1024x1024,,,no,,not-referenced-by-code,,,,,
assets/brushes/tx-palm-husk-shape.png,binary,301800,37ba9ede5c4dfc13b554931f3876f376b90761800e6c38d45edcecaab3ac2202,1024x1024,,,no,,not-referenced-by-code,,,,,
assets/brushes/tx-volcanic-ash-shape.png,binary,154062,ed7cff7b7c2d5b8ee57a4eafb5fe4948da7448ed1a7d2b02443dd59aa2351c19,1024x1024,,,no,,not-referenced-by-code,,,,,
assets/copic_358.csv,data,7490,9179ab97e0e59c927b9f7e65cd3d4de3df53739b19615c3407d0b75630bc3b9a,,,,yes,,,,,,,
res/mipmap-xxxhdpi/ic_launcher.png,binary,129307,5d7e255f55ca4ed1bc8ac3b0e0a57aefe871c4fb04d639523a8392e088de38cd,512x512,,,no,,,,,,,
res/raw/pencil_paper.mp3,binary,677196,9dea1af01e6eed65c728050d6df8de81c1585bc020cf3f1e597d54e26e7cb0b6,,,,yes,,,,,,,
